Id;Time;Time_year;Species;Gear;Catch;Unit;Unit2
OH0213U1;Sasa;2021;Plectorhinchus_gibbus;Spear;10;number;
OH0213U1;Sasa;2021;Octopus;Spear;10;number;
OH0213U1;Sasa;2021;Squids;Spear;30;number;
OH0213U1;Sasa;2021;Anguilliformes;Spear;5;number;
OH0213U1;Sasa;2021;Mullidae;Spear;3;number;
OH0213U1;Sasa;2021;Scarus_ghobban;Spear;3;number;
OH0213U1;Sasa;2021;Acanthurus_spp;Spear;1;number;
OH0213U1;Kati_kati;1996;Plectorhinchus_gibbus;Spear;none;none;
OH0213U1;Kati_kati;1996;Octopus;Spear;none;none;
OH0213U1;Kati_kati;1996;Squids;Spear;none;none;
OH0213U1;Kati_kati;1996;Anguilliformes;Spear;none;none;
OH0213U1;Kati_kati;1996;Mullidae;Spear;none;none;
OH0213U1;Kati_kati;1996;Scarus_ghobban;Spear;none;none;
OH0213U1;Kati_kati;1996;Acanthurus_spp;Spear;none;none;
OH0213U1;Aliopanza;1971;Plectorhinchus_gibbus;Spear;50;number;
OH0213U1;Aliopanza;1971;Octopus;Spear;40;number;
OH0213U1;Aliopanza;1971;Squids;Spear;40;number;
OH0213U1;Aliopanza;1971;Anguilliformes;Spear;15;number;
OH0213U1;Aliopanza;1971;Mullidae;Spear;10;number;
OH0213U1;Aliopanza;1971;Scarus_ghobban;Spear;8;number;
OH0213U1;Aliopanza;1971;Acanthurus_spp;Spear;4;number;
OH0213U2;Sasa;2021;Carangidae;Handline;5;number;
OH0213U2;Sasa;2021;Lutjanus_fulviflamma;Handline;3;number;
OH0213U2;Sasa;2021;Serranidae;Handline;1;number;
OH0213U2;Sasa;2021;Sphyraenidae;Handline;3;number;
OH0213U2;Kati_kati;2011;Carangidae;Handline;none;none;
OH0213U2;Kati_kati;2011;Lutjanus_fulviflamma;Handline;none;none;
OH0213U2;Kati_kati;2011;Serranidae;Handline;none;none;
OH0213U2;Kati_kati;2011;Sphyraenidae;Handline;none;none;
OH0213U2;Aliopanza;2001;Carangidae;Handline;15;number;
OH0213U2;Aliopanza;2001;Lutjanus_fulviflamma;Handline;8;number;
OH0213U2;Aliopanza;2001;Serranidae;Handline;18;number;
OH0213U2;Aliopanza;2001;Sphyraenidae;Handline;20;number;
OH0213U3;Sasa;2021;Lethrinus_mahsena;Floatnet;360;number;
OH0213U3;Sasa;2021;Lethrinus_harak;Floatnet;360;number;
OH0213U3;Kati_kati;1996;Lethrinus_mahsena;Floatnet;none;none;
OH0213U3;Kati_kati;1996;Lethrinus_harak;Floatnet;none;none;
OH0213U3;Aliopanza;1971;Lethrinus_mahsena;Floatnet;900;number;
OH0213U3;Aliopanza;1971;Lethrinus_harak;Floatnet;900;number;
OH0213U4;Sasa;2021;Octopus;Spear;5;number;
OH0213U4;Sasa;2021;Anguilliformes;Spear;2;number;
OH0213U4;Sasa;2021;Crabs_Lobsters;Spear;7;number;
OH0213U4;Sasa;2021;Plectorhinchus_gibbus;Spear;13;number;
OH0213U4;Sasa;2021;Acanthurus_spp;Spear;3;number;
OH0213U4;Sasa;2021;Plectorhinchus_gaterinus;Spear;20;number;
OH0213U4;Sasa;2021;Scarus_ghobban;Spear;10;number;
OH0213U4;Sasa;2021;Plectorhinchus_gibbus;Spear;10;number;
OH0213U4;Sasa;2021;Kyphosidae;Spear;5;number;
OH0213U4;Sasa;2021;Diodontidae;Spear;3;number;
OH0213U4;Kati_kati;2012.5;Octopus;Spear;none;none;
OH0213U4;Kati_kati;2012.5;Anguilliformes;Spear;none;none;
OH0213U4;Kati_kati;2012.5;Crabs_Lobsters;Spear;none;none;
OH0213U4;Kati_kati;2012.5;Plectorhinchus_gibbus;Spear;none;none;
OH0213U4;Kati_kati;2012.5;Acanthurus_spp;Spear;none;none;
OH0213U4;Kati_kati;2012.5;Plectorhinchus_gaterinus;Spear;none;none;
OH0213U4;Kati_kati;2012.5;Scarus_ghobban;Spear;none;none;
OH0213U4;Kati_kati;2012.5;Plectorhinchus_gibbus;Spear;none;none;
OH0213U4;Kati_kati;2012.5;Kyphosidae;Spear;none;none;
OH0213U4;Kati_kati;2012.5;Diodontidae;Spear;none;none;
OH0213U4;Aliopanza;2004;Octopus;Spear;20;number;
OH0213U4;Aliopanza;2004;Anguilliformes;Spear;20;number;
OH0213U4;Aliopanza;2004;Crabs_Lobsters;Spear;7;number;
OH0213U4;Aliopanza;2004;Plectorhinchus_gibbus;Spear;20;number;
OH0213U4;Aliopanza;2004;Acanthurus_spp;Spear;20;number;
OH0213U4;Aliopanza;2004;Plectorhinchus_gaterinus;Spear;50;number;
OH0213U4;Aliopanza;2004;Scarus_ghobban;Spear;25;number;
OH0213U4;Aliopanza;2004;Kyphosidae;Spear;10;number;
OH0213U4;Aliopanza;2004;Kyphosidae;Spear;7;number;
OH0213U4;Aliopanza;2004;Diodontidae;Spear;30;number;
OH0213U5;Sasa;2021;Octopus;Spear;40;number;
OH0213U5;Sasa;2021;Anguilliformes;Spear;20;number;
OH0213U5;Kati_kati;1998.5;Octopus;Spear;none;none;
OH0213U5;Kati_kati;1998.5;Anguilliformes;Spear;none;none;
OH0213U5;Aliopanza;1976;Octopus;Spear;8;number;
OH0213U5;Aliopanza;1976;Anguilliformes;Spear;2;number;
OH0214C6;Sasa;2021;Lethrinus_harak;Dragnet;300;number;
OH0214C6;Sasa;2021;Siganus_stellatus;Dragnet;300;number;
OH0214C6;Sasa;2021;Acanthurus_spp;Dragnet;700;number;
OH0214C6;Sasa;2021;Squids;Dragnet;50;number;
OH0214C6;Sasa;2021;Lethrinus_lentjan;Dragnet;200;number;
OH0214C6;Sasa;2021;Lutjanus_fulviflamma;Dragnet;100;number;
OH0214C6;Sasa;2021;Mugilidae;Dragnet;150;number;
OH0214C6;Kati_kati;2017.5;Lethrinus_harak;Dragnet;none;none;
OH0214C6;Kati_kati;2017.5;Siganus_stellatus;Dragnet;none;none;
OH0214C6;Kati_kati;2017.5;Acanthurus_spp;Dragnet;none;none;
OH0214C6;Kati_kati;2017.5;Squids;Dragnet;none;none;
OH0214C6;Kati_kati;2017.5;Lethrinus_lentjan;Dragnet;none;none;
OH0214C6;Kati_kati;2017.5;Lutjanus_fulviflamma;Dragnet;none;none;
OH0214C6;Kati_kati;2017.5;Mugilidae;Dragnet;none;none;
OH0214C6;Aliopanza;2014;Lethrinus_harak;Dragnet;1000;number;
OH0214C6;Aliopanza;2014;Siganus_sutor;Dragnet;700;number;
OH0214C6;Aliopanza;2014;Acanthurus_spp;Dragnet;700;number;
OH0214C6;Aliopanza;2014;Squids;Dragnet;100;number;
OH0214C6;Aliopanza;2014;Lethrinus_lentjan;Dragnet;500;number;
OH0214C6;Aliopanza;2014;Lutjanus_fulviflamma;Dragnet;550;number;
OH0214C6;Aliopanza;2014;Mugilidae;Dragnet;1500;number;
OH0214C7;Sasa;2021;Octopus;Longline;20;number;
OH0214C7;Sasa;2021;Squids;Longline;70;number;
OH0214C7;Kati_kati;2011;Octopus;Longline;none;none;
OH0214C7;Kati_kati;2011;Squids;Longline;none;none;
OH0214C7;Aliopanza;2001;Octopus;Longline;60;number;
OH0214C7;Aliopanza;2001;Squids;Longline;200;number;
OH0214C8;Sasa;2021;Lethrinus_harak;Dragnet;100;number;
OH0214C8;Sasa;2021;Lutjanus_fulviflamma;Dragnet;40;number;
OH0214C8;Sasa;2021;Lethrinus_lentjan;Dragnet;100;number;
OH0214C8;Sasa;2021;Lethrinus_mahsena;Dragnet;300;number;
OH0214C8;Sasa;2021;Siganus_sutor;Dragnet;90;number;
OH0214C8;Sasa;2021;Leptoscarus_vaigiensis;Dragnet;200;number;
OH0214C8;Kati_kati;2011;Lethrinus_harak;Dragnet;none;none;
OH0214C8;Kati_kati;2011;Lutjanus_fulviflamma;Dragnet;none;none;
OH0214C8;Kati_kati;2011;Lethrinus_lentjan;Dragnet;none;none;
OH0214C8;Kati_kati;2011;Lethrinus_mahsena;Dragnet;none;none;
OH0214C8;Kati_kati;2011;Siganus_sutor;Dragnet;none;none;
OH0214C8;Kati_kati;2011;Leptoscarus_vaigiensis;Dragnet;none;none;
OH0214C8;Aliopanza;2001;Lethrinus_harak;Dragnet;400;number;
OH0214C8;Aliopanza;2001;Lutjanus_fulviflamma;Dragnet;500;number;
OH0214C8;Aliopanza;2001;Lethrinus_lentjan;Dragnet;300;number;
OH0214C8;Aliopanza;2001;Lethrinus_mahsena;Dragnet;300;number;
OH0214C8;Aliopanza;2001;Siganus_sutor;Dragnet;400;number;
OH0214C8;Aliopanza;2001;Leptoscarus_vaigiensis;Dragnet;500;number;
OH0214C9;Sasa;2021;Leptoscarus_vaigiensis;Trap;80;number;
OH0214C9;Sasa;2021;Mullidae;Trap;60;number;
OH0214C9;Sasa;2021;Siganus_sutor;Trap;15;number;
OH0214C9;Sasa;2021;Lethrinus_lentjan;Trap;15;number;
OH0214C9;Sasa;2021;Lutjanus_fulviflamma;Trap;10;number;
OH0214C9;Kati_kati;2008;Leptoscarus_vaigiensis;Trap;none;none;
OH0214C9;Kati_kati;2008;Mullidae;Trap;none;none;
OH0214C9;Kati_kati;2008;Siganus_sutor;Trap;none;none;
OH0214C9;Kati_kati;2008;Lethrinus_lentjan;Trap;none;none;
OH0214C9;Kati_kati;2008;Lutjanus_fulviflamma;Trap;none;none;
OH0214C9;Aliopanza;1995;Leptoscarus_vaigiensis;Trap;200;number;
OH0214C9;Aliopanza;1995;Mullidae;Trap;200;number;
OH0214C9;Aliopanza;1995;Siganus_sutor;Trap;300;number;
OH0214C9;Aliopanza;1995;Lethrinus_lentjan;Trap;100;number;
OH0214C9;Aliopanza;1995;Lutjanus_fulviflamma;Trap;100;number;
OH0214C10;Sasa;2021;Squids;Handline;20;number;
OH0214C10;Kati_kati;2017.5;Squids;Handline;none;none;
OH0214C10;Aliopanza;2014;Squids;Handline;10;number;
OH0220M11;Sasa;2021;Lethrinus_variegatus;Handline;20;number;
OH0220M11;Sasa;2021;Lethrinus_borbonicus;Handline;50;number;
OH0220M11;Sasa;2021;Lethrinus_harak;Handline;10;number;
OH0220M11;Sasa;2021;Lutjanus_fulviflamma;Handline;20;number;
OH0220M11;Sasa;2021;Lethrinus_lentjan;Handline;10;number;
OH0220M11;Kati_kati;2016;Lethrinus_variegatus;Handline;20;number;
OH0220M11;Kati_kati;2016;Lethrinus_borbonicus;Handline;50;number;
OH0220M11;Kati_kati;2016;Lethrinus_harak;Handline;10;number;
OH0220M11;Kati_kati;2016;Lutjanus_fulviflamma;Handline;20;number;
OH0220M11;Kati_kati;2016;Lethrinus_lentjan;Handline;10;number;
OH0220M11;Aliopanza;2011;Lethrinus_variegatus;Handline;100;number;
OH0220M11;Aliopanza;2011;Lethrinus_borbonicus;Handline;150;number;
OH0220M11;Aliopanza;2011;Lethrinus_harak;Handline;30;number;
OH0220M11;Aliopanza;2011;Lutjanus_fulviflamma;Handline;50;number;
OH0220M11;Aliopanza;2011;Lethrinus_lentjan;Handline;20;number;
OH0220M12;Sasa;2021;Siganus_sutor;Trap;200;number;
OH0220M12;Sasa;2021;Mullidae;Trap;80;number;
OH0220M12;Sasa;2021;Lethrinus_lentjan;Trap;200;number;
OH0220M12;Sasa;2021;Lethrinus_mahsena;Trap;100;number;
OH0220M12;Sasa;2021;Scarus_ghobban;Trap;100;number;
OH0220M12;Kati_kati;2006;Siganus_sutor;Trap;500;number;
OH0220M12;Kati_kati;2006;Mullidae;Trap;100;number;
OH0220M12;Kati_kati;2006;Lethrinus_lentjan;Trap;400;number;
OH0220M12;Kati_kati;2006;Lethrinus_mahsena;Trap;400;number;
OH0220M12;Kati_kati;2006;Scarus_ghobban;Trap;300;number;
OH0220M12;Aliopanza;1991;Siganus_sutor;Trap;600;number;
OH0220M12;Aliopanza;1991;Mullidae;Trap;200;number;
OH0220M12;Aliopanza;1991;Lethrinus_lentjan;Trap;600;number;
OH0220M12;Aliopanza;1991;Lethrinus_mahsena;Trap;600;number;
OH0220M12;Aliopanza;1991;Scarus_ghobban;Trap;400;number;
OH0220M13;Sasa;2021;Siganus_sutor;Trap;100;number;
OH0220M13;Sasa;2021;Mullidae;Trap;50;number;
OH0220M13;Sasa;2021;Scarus_ghobban;Trap;5;number;
OH0220M13;Sasa;2021;Lethrinus_lentjan;Trap;8;number;
OH0220M13;Sasa;2021;Lethrinus_mahsena;Trap;80;number;
OH0220M13;Kati_kati;2016;Siganus_sutor;Trap;200;number;
OH0220M13;Kati_kati;2016;Mullidae;Trap;50;number;
OH0220M13;Kati_kati;2016;Scarus_ghobban;Trap;8;number;
OH0220M13;Kati_kati;2016;Lethrinus_lentjan;Trap;8;number;
OH0220M13;Kati_kati;2016;Lethrinus_mahsena;Trap;100;number;
OH0220M13;Aliopanza;2011;Siganus_sutor;Trap;400;number;
OH0220M13;Aliopanza;2011;Mullidae;Trap;70;number;
OH0220M13;Aliopanza;2011;Scarus_ghobban;Trap;10;number;
OH0220M13;Aliopanza;2011;Lethrinus_lentjan;Trap;10;number;
OH0220M13;Aliopanza;2011;Lethrinus_mahsena;Trap;200;number;
OH0220M14;Sasa;2021;Lethrinus_lentjan;Handline;200;number;
OH0220M14;Sasa;2021;Lethrinus_borbonicus;Handline;300;number;
OH0220M14;Sasa;2021;Lethrinus_variegatus;Handline;200;number;
OH0220M14;Sasa;2021;Lutjanus_fulviflamma;Handline;50;number;
OH0220M14;Sasa;2021;Lethrinus_harak;Handline;50;number;
OH0220M14;Sasa;2021;Lethrinus_mahsena;Handline;100;number;
OH0220M14;Sasa;2021;Leptoscarus_vaigiensis;Trap;150;number;
OH0220M14;Sasa;2021;Hipposcarus_harid;Trap;30;number;
OH0220M14;Sasa;2021;Scarus_ghobban;Trap;100;number;
OH0220M14;Sasa;2021;Siganus_sutor;Trap;30;number;
OH0220M14;Kati_kati;2011;Lethrinus_lentjan;Handline;200;number;
OH0220M14;Kati_kati;2011;Lethrinus_borbonicus;Handline;400;number;
OH0220M14;Kati_kati;2011;Lethrinus_variegatus;Handline;300;number;
OH0220M14;Kati_kati;2011;Lutjanus_fulviflamma;Handline;200;number;
OH0220M14;Kati_kati;2011;Lethrinus_harak;Handline;150;number;
OH0220M14;Kati_kati;2011;Lethrinus_mahsena;Handline;200;number;
OH0220M14;Kati_kati;2011;Leptoscarus_vaigiensis;Trap;300;number;
OH0220M14;Kati_kati;2011;Hipposcarus_harid;Trap;50;number;
OH0220M14;Kati_kati;2011;Scarus_ghobban;Trap;100;number;
OH0220M14;Kati_kati;2011;Siganus_sutor;Trap;30;number;
OH0220M14;Aliopanza;2001;Lethrinus_lentjan;Handline;200;number;
OH0220M14;Aliopanza;2001;Lethrinus_borbonicus;Handline;400;number;
OH0220M14;Aliopanza;2001;Lethrinus_variegatus;Handline;300;number;
OH0220M14;Aliopanza;2001;Lutjanus_fulviflamma;Handline;200;number;
OH0220M14;Aliopanza;2001;Lethrinus_harak;Handline;150;number;
OH0220M14;Aliopanza;2001;Lethrinus_mahsena;Handline;200;number;
OH0220M14;Aliopanza;2001;Leptoscarus_vaigiensis;Trap;300;number;
OH0220M14;Aliopanza;2001;Hipposcarus_harid;Trap;50;number;
OH0220M14;Aliopanza;2001;Scarus_ghobban;Trap;100;number;
OH0220M14;Aliopanza;2001;Siganus_sutor;Trap;30;number;
OH0220M15;Sasa;2021;Anguilliformes;Spear;4;number;
OH0220M15;Sasa;2021;Octopus;Spear;4;number;
OH0220M15;Sasa;2021;Squids;Spear;2;number;
OH0220M15;Sasa;2021;Crabs;Spear;10;number;
OH0220M15;Sasa;2021;Lobsters;Spear;1;number;
OH0220M15;Kati_kati;2006;Anguilliformes;Spear;15;number;
OH0220M15;Kati_kati;2006;Octopus;Spear;10;number;
OH0220M15;Kati_kati;2006;Squids;Spear;10;number;
OH0220M15;Kati_kati;2006;Crabs;Spear;20;number;
OH0220M15;Kati_kati;2006;Lobsters;Spear;10;number;
OH0220M15;Aliopanza;1991;Anguilliformes;Spear;20;number;
OH0220M15;Aliopanza;1991;Octopus;Spear;15;number;
OH0220M15;Aliopanza;1991;Squids;Spear;15;number;
OH0220M15;Aliopanza;1991;Crabs;Spear;25;number;
OH0220M15;Aliopanza;1991;Lobsters;Spear;17;number;
OH0221P16;Sasa;2021;Octopus;Spear;6;number;
OH0221P16;Sasa;2021;Anguilliformes;Spear;2;number;
OH0221P16;Kati_kati;1998.5;Octopus;Spear;30;number;
OH0221P16;Kati_kati;1998.5;Anguilliformes;Spear;4;number;
OH0221P16;Aliopanza;1976;Octopus;Spear;50;number;
OH0221P16;Aliopanza;1976;Anguilliformes;Spear;10;number;
OH0221P17;Sasa;2021;Lethrinus_harak;Dragnet;64;number;
OH0221P17;Sasa;2021;Siganus_sutor;Dragnet;22;number;
OH0221P17;Sasa;2021;Mullidae;Dragnet;44;number;
OH0221P17;Sasa;2021;Scarus_ghobban;Dragnet;10;number;
OH0221P17;Sasa;2021;Acanthurus_spp;Dragnet;10;number;
OH0221P17;Sasa;2021;Lutjanus_fulviflamma;Dragnet;22;number;
OH0221P17;Kati_kati;2007;Lethrinus_harak;Dragnet;88;number;
OH0221P17;Kati_kati;2007;Siganus_sutor;Dragnet;44;number;
OH0221P17;Kati_kati;2007;Mullidae;Dragnet;88;number;
OH0221P17;Kati_kati;2007;Scarus_ghobban;Dragnet;44;number;
OH0221P17;Kati_kati;2007;Acanthurus_spp;Dragnet;88;number;
OH0221P17;Kati_kati;2007;Lutjanus_fulviflamma;Dragnet;88;number;
OH0221P17;Aliopanza;1993;Lethrinus_harak;Dragnet;220;number;
OH0221P17;Aliopanza;1993;Siganus_sutor;Dragnet;66;number;
OH0221P17;Aliopanza;1993;Mullidae;Dragnet;176;number;
OH0221P17;Aliopanza;1993;Scarus_ghobban;Dragnet;88;number;
OH0221P17;Aliopanza;1993;Acanthurus_spp;Dragnet;132;number;
OH0221P17;Aliopanza;1993;Lutjanus_fulviflamma;Dragnet;176;number;
OH0221P18;Sasa;2021;Lethrinus_harak;Dragnet;70;number;
OH0221P18;Sasa;2021;Lethrinus_lentjan;Dragnet;100;number;
OH0221P18;Sasa;2021;Siganus_sutor;Dragnet;200;number;
OH0221P18;Sasa;2021;Mullidae;Dragnet;80;number;
OH0221P18;Sasa;2021;Lethrinus_mahsena;Dragnet;300;number;
OH0221P18;Kati_kati;2013;Lethrinus_harak;Dragnet;75;number;
OH0221P18;Kati_kati;2013;Lethrinus_lentjan;Dragnet;100;number;
OH0221P18;Kati_kati;2013;Siganus_sutor;Dragnet;200;number;
OH0221P18;Kati_kati;2013;Mullidae;Dragnet;80;number;
OH0221P18;Kati_kati;2013;Lethrinus_mahsena;Dragnet;300;number;
OH0221P18;Aliopanza;2005;Lethrinus_harak;Dragnet;600;number;
OH0221P18;Aliopanza;2005;Lethrinus_lentjan;Dragnet;800;number;
OH0221P18;Aliopanza;2005;Siganus_sutor;Dragnet;500;number;
OH0221P18;Aliopanza;2005;Mullidae;Dragnet;400;number;
OH0221P18;Aliopanza;2005;Lethrinus_mahsena;Dragnet;700;number;
OH0221P19;Sasa;2021;Lutjanus_fulviflamma;Handline;2;number;
OH0221P19;Sasa;2021;Siganus_sutor;Handline;30;number;
OH0221P19;Sasa;2021;Scarus_ghobban;Handline;3;number;
OH0221P19;Sasa;2021;Squids;Handline;8;number;
OH0221P19;Sasa;2021;Anguilliformes;Handline;4;number;
OH0221P19;Sasa;2021;Balistidae;Handline;6;number;
OH0221P19;Sasa;2021;Lethrinus_mahsena;Handline;20;number;
OH0221P19;Kati_kati;1996;Lutjanus_fulviflamma;Handline;15;number;
OH0221P19;Kati_kati;1996;Siganus_sutor;Handline;50;number;
OH0221P19;Kati_kati;1996;Scarus_ghobban;Handline;9;number;
OH0221P19;Kati_kati;1996;Squids;Handline;15;number;
OH0221P19;Kati_kati;1996;Anguilliformes;Handline;10;number;
OH0221P19;Kati_kati;1996;Balistidae;Handline;15;number;
OH0221P19;Kati_kati;1996;Lethrinus_mahsena;Handline;70;number;
OH0221P19;Aliopanza;1971;Lutjanus_fulviflamma;Handline;25;number;
OH0221P19;Aliopanza;1971;Siganus_sutor;Handline;150;number;
OH0221P19;Aliopanza;1971;Scarus_ghobban;Handline;50;number;
OH0221P19;Aliopanza;1971;Squids;Handline;30;number;
OH0221P19;Aliopanza;1971;Anguilliformes;Handline;15;number;
OH0221P19;Aliopanza;1971;Balistidae;Handline;30;number;
OH0221P19;Aliopanza;1971;Lethrinus_mahsena;Handline;100;number;
OH0221P20;Sasa;2021;Siganus_sutor;Trap;15;number;
OH0221P20;Sasa;2021;Lethrinus_lentjan;Handline;20;number;
OH0221P20;Sasa;2021;Lethrinus_harak;Handline;20;number;
OH0221P20;Kati_kati;2002.5;Siganus_sutor;Trap;100;number;
OH0221P20;Kati_kati;2002.5;Lethrinus_lentjan;Handline;150;number;
OH0221P20;Kati_kati;2002.5;Lethrinus_harak;Handline;200;number;
OH0221P20;Aliopanza;1984;Siganus_sutor;Trap;200;number;
OH0221P20;Aliopanza;1984;Lethrinus_lentjan;Handline;300;number;
OH0221P20;Aliopanza;1984;Lethrinus_harak;Handline;300;number;
NS0213U1;Sasa;2021;Taa_shambi;Gillnet;2;number;
NS0213U1;Kati_kati;2017.5;Taa_shambi;Gillnet;none;none;
NS0213U1;Aliopanza;2014;Taa_shambi;Gillnet;4;number;
NS0213U2;Sasa;2021;TAA UZI;Dragnet;7;mitungo;
NS0213U2;Sasa;2021;Lethrinus_harak;Dragnet;9;mitungo;
NS0213U2;Sasa;2021;Lethrinus_mahsena;Dragnet;8.5;mitungo;
NS0213U2;Sasa;2021;Monodactylus_argentus;Dragnet;17.5;number;
NS0213U2;Sasa;2021;Hipposcarus_harid;Dragnet;2.5;mitungo;
NS0213U2;Sasa;2021;Mullidae;Dragnet;5;mitungo;
NS0213U2;Sasa;2021;Chirocentridae;Dragnet;6.5;mitungo;
NS0213U2;Sasa;2021;Sphyraenidae;Dragnet;15;mitungo;
NS0213U2;Sasa;2021;Caesionidae;Dragnet;11.5;mitungo;
NS0213U2;Sasa;2021;Squids;Dragnet;6.5;mitungo;
NS0213U2;Sasa;2021;VIBUA_?;Dragnet;65;ndoo;
NS0213U2;Kati_kati;1995.5;TAA UZI;Dragnet;25;mitungo;
NS0213U2;Kati_kati;1995.5;Lethrinus_harak;Dragnet;;;
NS0213U2;Kati_kati;1995.5;Lethrinus_mahsena;Dragnet;;;
NS0213U2;Kati_kati;1995.5;Monodactylus_argentus;Dragnet;;;
NS0213U2;Kati_kati;1995.5;Hipposcarus_harid;Dragnet;;;
NS0213U2;Kati_kati;1995.5;Mullidae;Dragnet;;;
NS0213U2;Kati_kati;1995.5;Chirocentridae;Dragnet;;;
NS0213U2;Kati_kati;1995.5;Sphyraenidae;Dragnet;;;
NS0213U2;Kati_kati;1995.5;Caesionidae;Dragnet;;;
NS0213U2;Kati_kati;1995.5;Squids;Dragnet;;;
NS0213U2;Kati_kati;1995.5;VIBUA;Dragnet;;;
NS0213U2;Aliopanza;1970;TAA UZI;;30;mitungo;
NS0213U2;Aliopanza;1970;Lethrinus_harak;;;;
NS0213U2;Aliopanza;1970;Lethrinus_mahsena;;;;
NS0213U2;Aliopanza;1970;Monodactylus_argentus;;;;
NS0213U2;Aliopanza;1970;Hipposcarus_harid;;;;
NS0213U2;Aliopanza;1970;Mullidae;;;;
NS0213U2;Aliopanza;1970;Chirocentridae;;;;
NS0213U2;Aliopanza;1970;Sphyraenidae;;;;
NS0213U2;Aliopanza;1970;Caesionidae;;;;
NS0213U2;Aliopanza;1970;Squids;;;;
NS0213U2;Aliopanza;1970;VIBUA;;;;
NS0213U3;Sasa;2021;TAA UZI;Handline;2;mitungo;
NS0213U3;Sasa;2021;Lethrinus_borbonicus;Handline;2;mitungo;
NS0213U3;Sasa;2021;Lethrinus_harak;Handline;3;number;
NS0213U3;Sasa;2021;Squids;Handline;20;number;
NS0213U3;Sasa;2021;Carangidae;Handline;5;number;
NS0213U3;Kati_kati;2013.5;TAA UZI;Handline;4.5;mitungo;
NS0213U3;Kati_kati;2013.5;Lethrinus_borbonicus;Handline;;;
NS0213U3;Kati_kati;2013.5;Lethrinus_harak;Handline;;;
NS0213U3;Kati_kati;2013.5;Squids;Handline;;;
NS0213U3;Kati_kati;2013.5;Carangidae;Handline;;;
NS0213U3;Aliopanza;2006;TAA UZI;Handline;4.5;mitungo;
NS0213U3;Aliopanza;2006;Lethrinus_borbonicus;Handline;;;
NS0213U3;Aliopanza;2006;Lethrinus_harak;Handline;;;
NS0213U3;Aliopanza;2006;Squids;Handline;;;
NS0213U3;Aliopanza;2006;Carangidae;Handline;;;
NS0213U4;Sasa;2021;Squids;Handline;5;kg;
NS0213U4;Sasa;2021;Octopus;Handline;1;mitungo;
NS0213U4;Kati_kati;2018;Squids;Handline;none;;
NS0213U4;Kati_kati;2018;Octopus;Handline;none;;
NS0213U4;Aliopanza;2015;Squids;Handline;12;kg;
NS0213U4;Aliopanza;2015;Octopus;Handline;;;
NS0213U5;Sasa;2021;Lethrinus_variegatus;Handline;3;mitungo;
NS0213U5;Sasa;2021;Balistidae;Handline;3;mitungo;
NS0213U5;Kati_kati;2018;Lethrinus_variegatus;Handline;4;mitungo;
NS0213U5;Kati_kati;2018;Balistidae;Handline;4;mitungo;
NS0213U5;Aliopanza;2015;Lethrinus_variegatus;Handline;6;mitungo;
NS0213U5;Aliopanza;2015;Balistidae;Handline;4;mitungo;
NS0214C6;Sasa;2021;Sailfish;Gillnet;5;number;
NS0214C6;Sasa;2021;Tuna;Gillnet;6;number;
NS0214C6;Sasa;2021;Skipjack_tuna;Gillnet;5;number;
NS0214C6;Kati_kati;2016;Sailfish;Gillnet;10;number;
NS0214C6;Kati_kati;2016;Tuna;Gillnet;20;number;
NS0214C6;Kati_kati;2016;Skipjack_tuna;Gillnet;15;number;
NS0214C6;Aliopanza;2011;Sailfish;Gillnet;10;number;
NS0214C6;Aliopanza;2011;Tuna;Gillnet;20;number;
NS0214C6;Aliopanza;2011;Skipjack_tuna;Gillnet;15;number;
NS0214C7;Sasa;2021;Lethrinus_lentjan;Dragnet;8;mitungo;
NS0214C7;Sasa;2021;Lethrinus_harak;Dragnet;20;mitungo;
NS0214C7;Sasa;2021;Anguilliformes;Spear;3;mitungo;
NS0214C7;Kati_kati;2016;Lethrinus_lentjan;Dragnet;8;mitungo;
NS0214C7;Kati_kati;2016;Lethrinus_harak;Dragnet;20;mitungo;
NS0214C7;Kati_kati;2016;Anguilliformes;Spear;6;mitungo;
NS0214C7;Aliopanza;2011;Lethrinus_lentjan;Dragnet;8;mitungo;
NS0214C7;Aliopanza;2011;Lethrinus_harak;Dragnet;20;mitungo;
NS0214C7;Aliopanza;2011;Anguilliformes;Spear;6;mitungo;
NS0214C8;Sasa;2021;Squids;Handline;2;mitungo;
NS0214C8;Kati_kati;2019;Squids;Handline;NA;NA;
NS0214C8;Aliopanza;2017;Squids;Handline;NA;NA;
NS0214C9;Sasa;2021;Siganus_sutor;Dragnet;3;mitungo;
NS0214C9;Sasa;2021;Lethrinus_borbonicus;Dragnet;7;mitungo;
NS0214C9;Sasa;2021;Lethrinus_harak;Dragnet;9;mitungo;
NS0214C9;Sasa;2021;Chirocentridae;Dragnet;15;mitungo;
NS0214C9;Kati_kati;2011;Siganus_sutor;Dragnet;30;mitungo;
NS0214C9;Kati_kati;2011;Lethrinus_borbonicus;Dragnet;30;mitungo;
NS0214C9;Kati_kati;2011;Lethrinus_harak;Dragnet;NA;NA;
NS0214C9;Kati_kati;2011;Chirocentridae;Dragnet;NA;NA;
NS0214C9;Aliopanza;2001;Siganus_sutor;Dragnet;30;mitungo;
NS0214C9;Aliopanza;2001;Lethrinus_borbonicus;Dragnet;30;mitungo;
NS0214C9;Aliopanza;2001;Lethrinus_harak;Dragnet;NA;NA;
NS0214C9;Aliopanza;2001;Chirocentridae;Dragnet;NA;NA;
NS0214C10;Sasa;2021;Octopus;Spear;3;mitungo;
NS0214C10;Sasa;2021;Crabs_Lobsters;Spear;50;number;
NS0214C10;Sasa;2021;Plotosidae;Spear;5;ndoo ndogo;
NS0214C10;Kati_kati;2019.5;Octopus;Spear;NA;NA;
NS0214C10;Kati_kati;2019.5;Crabs_Lobsters;Spear;NA;NA;
NS0214C10;Kati_kati;2019.5;Plotosidae;Spear;NA;NA;
NS0214C10;Aliopanza;2018;Octopus;Spear;NA;NA;
NS0214C10;Aliopanza;2018;Crabs_Lobsters;Spear;NA;NA;
NS0214C10;Aliopanza;2018;Plotosidae;Spear;NA;NA;
NS0220M11;Sasa;2021;Anguilliformes;Spear;5;mitungo;
NS0220M11;Sasa;2021;Octopus;Spear;3;mitungo;
NS0220M11;Sasa;2021;Squids;Spear;2;mitungo;
NS0220M11;Sasa;2021;Crabs;Spear;20;number;
NS0220M11;Sasa;2021;Snails;Spear;80;number;
NS0220M11;Kati_kati;2015;Anguilliformes;Spear;3;mitungo;
NS0220M11;Kati_kati;2015;Octopus;Spear;4;mitungo;
NS0220M11;Kati_kati;2015;Squids;Spear;2;mitungo;
NS0220M11;Kati_kati;2015;Crabs;Spear;20;number;
NS0220M11;Kati_kati;2015;Snails;Spear;80;number;
NS0220M11;Aliopanza;2009;Anguilliformes;Spear;5;mitungo;
NS0220M11;Aliopanza;2009;Octopus;Spear;4;mitungo;
NS0220M11;Aliopanza;2009;Squids;Spear;2;mitungo;
NS0220M11;Aliopanza;2009;Crabs;Spear;20;number;
NS0220M11;Aliopanza;2009;Snails;Spear;200;number;
NS0220M12;Sasa;2021;Siganus_sutor;Handline;1;mitungo;
NS0220M12;Kati_kati;2008.5;Siganus_sutor;Handline;1.5;mitungo;
NS0220M12;Aliopanza;1996;Siganus_sutor;Handline;2;mitungo;
NS0220M13;Sasa;2021;Siganus_sutor;Trap;6;mitungo;
NS0220M13;Sasa;2021;Lethrinus_lentjan;Trap;2;mitungo;
NS0220M13;Sasa;2021;Lethrinus_harak;Trap;2;mitungo;
NS0220M13;Sasa;2021;Lethrinus_mahsena;Trap;3;mitungo;
NS0220M13;Sasa;2021;Scarus_ghobban;Trap;4;mitungo;
NS0220M13;Sasa;2021;Leptoscarus_vaigiensis;Trap;3;mitungo;
NS0220M13;Sasa;2021;Mullidae;Trap;1;mitungo;
NS0220M13;Sasa;2021;Mugilidae;Gillnet;30;number;
NS0220M13;Sasa;2021;Belonidae;Gillnet;50;number;
NS0220M13;Sasa;2021;Caesionidae;Trap;1.5;mitungo;
NS0220M13;Sasa;2021;Anguilliformes;Trap;1;number;
NS0220M13;Sasa;2021;Rhinobatidae;Trap;1;number;
NS0220M13;Kati_kati;2016;Siganus_sutor;Trap;8;mitungo;
NS0220M13;Kati_kati;2016;Lethrinus_lentjan;Trap;3;mitungo;
NS0220M13;Kati_kati;2016;Lethrinus_harak;Trap;3;mitungo;
NS0220M13;Kati_kati;2016;Lethrinus_mahsena;Trap;3;mitungo;
NS0220M13;Kati_kati;2016;Scarus_ghobban;Trap;3;mitungo;
NS0220M13;Kati_kati;2016;Leptoscarus_vaigiensis;Trap;4;mitungo;
NS0220M13;Kati_kati;2016;Mullidae;Trap;1;mitungo;
NS0220M13;Kati_kati;2016;Mugilidae;Gillnet;40;number;
NS0220M13;Kati_kati;2016;Belonidae;Gillnet;30;number;
NS0220M13;Kati_kati;2016;Caesionidae;Trap;1.5;mitungo;
NS0220M13;Kati_kati;2016;Anguilliformes;Trap;1;mitungo;
NS0220M13;Kati_kati;2016;Rhinobatidae;Trap;2;number;
NS0220M13;Aliopanza;2011;Siganus_sutor;Trap;10;mitungo;
NS0220M13;Aliopanza;2011;Lethrinus_lentjan;Trap;4;mitungo;
NS0220M13;Aliopanza;2011;Lethrinus_harak;Trap;4;mitungo;
NS0220M13;Aliopanza;2011;Lethrinus_mahsena;Trap;4;mitungo;
NS0220M13;Aliopanza;2011;Scarus_ghobban;Trap;3;mitungo;
NS0220M13;Aliopanza;2011;Leptoscarus_vaigiensis;Trap;5;mitungo;
NS0220M13;Aliopanza;2011;Mullidae;Trap;1;mitungo;
NS0220M13;Aliopanza;2011;Mugilidae;Gillnet;50;number;
NS0220M13;Aliopanza;2011;Belonidae;Gillnet;50;number;
NS0220M13;Aliopanza;2011;Caesionidae;Trap;2;mitungo;
NS0220M13;Aliopanza;2011;Anguilliformes;Trap;1;mitungo;
NS0220M13;Aliopanza;2011;Rhinobatidae;Trap;3;number;
NS0220M14;Sasa;2021;Siganus_sutor;Trap;6;mitungo;
NS0220M14;Sasa;2021;Lethrinus_lentjan;Trap;4;mitungo;
NS0220M14;Sasa;2021;Lethrinus_mahsena;Trap;4;mitungo;
NS0220M14;Sasa;2021;Scarus_ghobban;Trap;1;mitungo;
NS0220M14;Sasa;2021;Hipposcarus_harid;Trap;1;mitungo;
NS0220M14;Sasa;2021;Sailfish;Gillnet;6;number;
NS0220M14;Kati_kati;2011;Siganus_sutor;Trap;5;mitungo;
NS0220M14;Kati_kati;2011;Lethrinus_lentjan;Trap;3;mitungo;
NS0220M14;Kati_kati;2011;Lethrinus_mahsena;Trap;3;mitungo;
NS0220M14;Kati_kati;2011;Scarus_ghobban;Trap;1;mitungo;
NS0220M14;Kati_kati;2011;Hipposcarus_harid;Trap;1;mitungo;
NS0220M14;Kati_kati;2011;Sailfish;Gillnet;5;number;
NS0220M14;Aliopanza;2001;Siganus_sutor;Trap;3;mitungo;
NS0220M14;Aliopanza;2001;Lethrinus_lentjan;Trap;2;mitungo;
NS0220M14;Aliopanza;2001;Lethrinus_mahsena;Trap;2;mitungo;
NS0220M14;Aliopanza;2001;Scarus_ghobban;Trap;2;mitungo;
NS0220M14;Aliopanza;2001;Hipposcarus_harid;Trap;2;mitungo;
NS0220M14;Aliopanza;2001;Sailfish;Gillnet;7;number;
NS0220M15;Sasa;2021;Siganus_sutor;Trap;1;mitungo;
NS0220M15;Sasa;2021;Lethrinus_lentjan;Trap;1;mitungo;
NS0220M15;Sasa;2021;Lethrinus_mahsena;Trap;0.5;mitungo;
NS0220M15;Sasa;2021;Lutjanus_fulviflamma;Trap;0.5;mitungo;
NS0220M15;Sasa;2021;Scarus_ghobban;Trap;0.5;mitungo;
NS0220M15;Sasa;2021;Hipposcarus_harid;Trap;0.5;mitungo;
NS0220M15;Sasa;2021;Leptoscarus_vaigiensis;Trap;0.5;mitungo;
NS0220M15;Sasa;2021;Plectorhinchus_gibbus;Trap;0.5;mitungo;
NS0220M15;Sasa;2021;Acanthurus_spp;Trap;0.5;mitungo;
NS0220M15;Sasa;2021;Balistidae;Trap;0.5;mitungo;
NS0220M15;Sasa;2021;Sailfish;Gillnet;2;number;
NS0220M15;Sasa;2021;Rhinobatidae;Gillnet;1;number;
NS0220M15;Sasa;2021;Tuna;Gillnet;4;number;
NS0220M15;Kati_kati;2011;Siganus_sutor;Trap;6;mitungo;
NS0220M15;Kati_kati;2011;Lethrinus_lentjan;Trap;5;mitungo;
NS0220M15;Kati_kati;2011;Lethrinus_mahsena;Trap;5;mitungo;
NS0220M15;Kati_kati;2011;Lutjanus_fulviflamma;Trap;2.5;mitungo;
NS0220M15;Kati_kati;2011;Scarus_ghobban;Trap;1.5;mitungo;
NS0220M15;Kati_kati;2011;Hipposcarus_harid;Trap;1.5;mitungo;
NS0220M15;Kati_kati;2011;Leptoscarus_vaigiensis;Trap;4;mitungo;
NS0220M15;Kati_kati;2011;Plectorhinchus_gibbus;Trap;1;mitungo;
NS0220M15;Kati_kati;2011;Acanthurus_spp;Trap;1;mitungo;
NS0220M15;Kati_kati;2011;Balistidae;Trap;1;mitungo;
NS0220M15;Kati_kati;2011;Sailfish;Gillnet;5;number;
NS0220M15;Kati_kati;2011;Rhinobatidae;Gillnet;10;number;
NS0220M15;Kati_kati;2011;Tuna;Gillnet;15;number;
NS0220M15;Aliopanza;2001;Siganus_sutor;Trap;7;mitungo;
NS0220M15;Aliopanza;2001;Lethrinus_lentjan;Trap;5;mitungo;
NS0220M15;Aliopanza;2001;Lethrinus_mahsena;Trap;6;mitungo;
NS0220M15;Aliopanza;2001;Lutjanus_fulviflamma;Trap;5;mitungo;
NS0220M15;Aliopanza;2001;Scarus_ghobban;Trap;3;mitungo;
NS0220M15;Aliopanza;2001;Hipposcarus_harid;Trap;3;mitungo;
NS0220M15;Aliopanza;2001;Leptoscarus_vaigiensis;Trap;6;mitungo;
NS0220M15;Aliopanza;2001;Plectorhinchus_gibbus;Trap;2.5;mitungo;
NS0220M15;Aliopanza;2001;Acanthurus_spp;Trap;2.5;mitungo;
NS0220M15;Aliopanza;2001;Balistidae;Trap;1;mitungo;
NS0220M15;Aliopanza;2001;Sailfish;Gillnet;20;number;
NS0220M15;Aliopanza;2001;Rhinobatidae;Gillnet;30;number;
NS0220M15;Aliopanza;2001;Tuna;Gillnet;15;number;
NS0221P16;Sasa;2021;Siganus_sutor;Handline;2;mitungo;
NS0221P16;Sasa;2021;Octopus;Spear;15;number;
NS0221P16;Kati_kati;2006;Siganus_sutor;Handline;3;mitungo;
NS0221P16;Kati_kati;2006;Octopus;Spear;2;mitungo;
NS0221P16;Aliopanza;1991;Siganus_sutor;Handline;4;mitungo;
NS0221P16;Aliopanza;1991;Octopus;Spear;4;mitungo;
NS0221P17;Sasa;2021;Siganus_sutor;Trap;3;mitungo;
NS0221P17;Sasa;2021;Lethrinus_lentjan;Trap;3;mitungo;
NS0221P17;Sasa;2021;Lethrinus_borbonicus;Trap;2;mitungo;
NS0221P17;Sasa;2021;Lethrinus_harak;Trap;7;mitungo;
NS0221P17;Sasa;2021;Lethrinus_mahsena;Trap;12;mitungo;
NS0221P17;Sasa;2021;Monodactylus_argentus;Trap;10;mitungo;
NS0221P17;Sasa;2021;Lutjanus_fulviflamma;Trap;6;mitungo;
NS0221P17;Sasa;2021;Scarus_ghobban;Trap;2;mitungo;
NS0221P17;Sasa;2021;Hipposcarus_harid;Trap;1;mitungo;
NS0221P17;Sasa;2021;Leptoscarus_vaigiensis;Trap;4;mitungo;
NS0221P17;Sasa;2021;Plectorhinchus_gibbus;Trap;4;mitungo;
NS0221P17;Sasa;2021;Acanthurus_spp;Trap;5;mitungo;
NS0221P17;Kati_kati;1996.5;Siganus_sutor;Trap;4;mitungo;
NS0221P17;Kati_kati;1996.5;Lethrinus_lentjan;Trap;5;mitungo;
NS0221P17;Kati_kati;1996.5;Lethrinus_borbonicus;Trap;3;mitungo;
NS0221P17;Kati_kati;1996.5;Lethrinus_harak;Trap;8;mitungo;
NS0221P17;Kati_kati;1996.5;Lethrinus_mahsena;Trap;16;mitungo;
NS0221P17;Kati_kati;1996.5;Monodactylus_argentus;Trap;18;mitungo;
NS0221P17;Kati_kati;1996.5;Lutjanus_fulviflamma;Trap;10;mitungo;
NS0221P17;Kati_kati;1996.5;Scarus_ghobban;Trap;3;mitungo;
NS0221P17;Kati_kati;1996.5;Hipposcarus_harid;Trap;2;mitungo;
NS0221P17;Kati_kati;1996.5;Leptoscarus_vaigiensis;Trap;6;mitungo;
NS0221P17;Kati_kati;1996.5;Plectorhinchus_gibbus;Trap;8;mitungo;
NS0221P17;Kati_kati;1996.5;Acanthurus_spp;Trap;10;mitungo;
NS0221P17;Aliopanza;1972;Siganus_sutor;Trap;5;mitungo;
NS0221P17;Aliopanza;1972;Lethrinus_lentjan;Trap;6;mitungo;
NS0221P17;Aliopanza;1972;Lethrinus_borbonicus;Trap;5;mitungo;
NS0221P17;Aliopanza;1972;Lethrinus_harak;Trap;10;mitungo;
NS0221P17;Aliopanza;1972;Lethrinus_mahsena;Trap;20;mitungo;
NS0221P17;Aliopanza;1972;Monodactylus_argentus;Trap;25;mitungo;
NS0221P17;Aliopanza;1972;Lutjanus_fulviflamma;Trap;15;mitungo;
NS0221P17;Aliopanza;1972;Scarus_ghobban;Trap;4;mitungo;
NS0221P17;Aliopanza;1972;Hipposcarus_harid;Trap;3;mitungo;
NS0221P17;Aliopanza;1972;Leptoscarus_vaigiensis;Trap;7;mitungo;
NS0221P17;Aliopanza;1972;Plectorhinchus_gibbus;Trap;12;mitungo;
NS0221P17;Aliopanza;1972;Acanthurus_spp;Trap;5;mitungo;
NS0221P18;Sasa;2021;Siganus_sutor;Handline;1;mitungo;
NS0221P18;Sasa;2021;Lethrinus_lentjan;Handline;2;mitungo;
NS0221P18;Sasa;2021;Serranidae;Handline;2;number;
NS0221P18;Sasa;2021;Red_snapper;Handline;20;number;
NS0221P18;Kati_kati;2006;Siganus_sutor;Handline;1.5;mitungo;
NS0221P18;Kati_kati;2006;Lethrinus_lentjan;Handline;1.5;mitungo;
NS0221P18;Kati_kati;2006;Serranidae;Handline;5;number;
NS0221P18;Kati_kati;2006;Red_snapper;Handline;20;number;
NS0221P18;Aliopanza;1991;Siganus_sutor;Handline;4;mitungo;
NS0221P18;Aliopanza;1991;Lethrinus_lentjan;Handline;4;mitungo;
NS0221P18;Aliopanza;1991;Serranidae;Handline;5;number;
NS0221P18;Aliopanza;1991;Red_snapper;Handline;80;number;
NS0221P19;Sasa;2021;Lethrinus_lentjan;Trap;30;number;
NS0221P19;Sasa;2021;Lethrinus_borbonicus;Trap;20;number;
NS0221P19;Sasa;2021;Lethrinus_harak;Trap;10;number;
NS0221P19;Sasa;2021;Lethrinus_variegatus;Trap;10;number;
NS0221P19;Sasa;2021;Lethrinus_mahsena;Trap;10;number;
NS0221P19;Sasa;2021;Lutjanus_fulviflamma;Trap;15;number;
NS0221P19;Kati_kati;2006;Lethrinus_lentjan;Trap;1.5;mitungo;
NS0221P19;Kati_kati;2006;Lethrinus_borbonicus;Trap;1;mitungo;
NS0221P19;Kati_kati;2006;Lethrinus_harak;Trap;1.5;mitungo;
NS0221P19;Kati_kati;2006;Lethrinus_variegatus;Trap;1;mitungo;
NS0221P19;Kati_kati;2006;Lethrinus_mahsena;Trap;1;mitungo;
NS0221P19;Kati_kati;2006;Lutjanus_fulviflamma;Trap;1;mitungo;
NS0221P19;Aliopanza;1991;Lethrinus_lentjan;Trap;1.5;mitungo;
NS0221P19;Aliopanza;1991;Lethrinus_borbonicus;Trap;1;mitungo;
NS0221P19;Aliopanza;1991;Lethrinus_harak;Trap;1.5;mitungo;
NS0221P19;Aliopanza;1991;Lethrinus_variegatus;Trap;1;mitungo;
NS0221P19;Aliopanza;1991;Lethrinus_mahsena;Trap;1;mitungo;
NS0221P19;Aliopanza;1991;Lutjanus_fulviflamma;Trap;1;mitungo;
NS0221P20;Sasa;2021;Siganus_sutor;Handline;0.5;mitungo;
NS0221P20;Sasa;2021;Lethrinus_borbonicus;Handline;0.5;mitungo;
NS0221P20;Sasa;2021;Lethrinus_variegatus;Handline;0.5;mitungo;
NS0221P20;Sasa;2021;Squids;Handline;8;number;
NS0221P20;Kati_kati;1996;Siganus_sutor;Handline;1;mitungo;
NS0221P20;Kati_kati;1996;Lethrinus_borbonicus;Handline;2;mitungo;
NS0221P20;Kati_kati;1996;Lethrinus_variegatus;Handline;1;mitungo;
NS0221P20;Kati_kati;1996;Squids;Handline;1.5;mitungo;
NS0221P20;Aliopanza;1971;Siganus_sutor;Handline;2;mitungo;
NS0221P20;Aliopanza;1971;Lethrinus_borbonicus;Handline;4;mitungo;
NS0221P20;Aliopanza;1971;Lethrinus_variegatus;Handline;2;mitungo;
NS0221P20;Aliopanza;1971;Squids;Handline;3;mitungo;
HK0213U1;Sasa;2021;Carangoides;Longline;16;number;
HK0213U1;Sasa;2021;Lethrinidae;Longline;3;number;
HK0213U1;Sasa;2021;Serranidae;Longline;5;number;
HK0213U1;Sasa;2021;Rachycentridae;Longline;12;number;
HK0213U1;Sasa;2021;Lutjanus_sebae;Longline;7;number;
HK0213U1;Sasa;2021;Lutjanus_argumentus;Longline;6;number;
HK0213U1;Kati_kati;2008.5;Carangoides;Longline;5;number;
HK0213U1;Kati_kati;2008.5;Lethrinidae;Longline;25;number;
HK0213U1;Kati_kati;2008.5;Serranidae;Longline;6;number;
HK0213U1;Kati_kati;2008.5;Rachycentridae;Longline;7;number;
HK0213U1;Kati_kati;2008.5;Lutjanus_sebae;Longline;8;number;
HK0213U1;Kati_kati;2008.5;Lutjanus_argumentus;Longline;7;number;
HK0213U1;Aliopanza;1996;Carangoides;Longline;;number;
HK0213U1;Aliopanza;1996;Lethrinidae;Longline;;number;
HK0213U1;Aliopanza;1996;Serranidae;Longline;;number;
HK0213U1;Aliopanza;1996;Rachycentridae;Longline;;number;
HK0213U1;Aliopanza;1996;Lutjanus_sebae;Longline;;number;
HK0213U1;Aliopanza;1996;Lutjanus_argumentus;Longline;;number;
HK0213U2;Sasa;2021;Lethrinus_lentjan;Handline;3;kg;
HK0213U2;Sasa;2021;Lethrinus_mahsena;Handline;3;kg;
HK0213U2;Sasa;2021;Lethrinus_variegatus;Handline;3;kg;
HK0213U2;Sasa;2021;Cheilio_inermis;Handline;2;kg;
HK0213U2;Sasa;2021;Yellowfin_tuna;Handline;1;kg;
HK0213U2;Sasa;2021;Scomberomorus_commerson;Handline;1;kg;
HK0213U2;Sasa;2021;Skipjack_tuna;Handline;1;kg;
HK0213U2;Kati_kati;2011;Lethrinus_lentjan;Handline;5;kg;
HK0213U2;Kati_kati;2011;Lethrinus_mahsena;Handline;7;kg;
HK0213U2;Kati_kati;2011;Lethrinus_variegatus;Handline;5;kg;
HK0213U2;Kati_kati;2011;Cheilio_inermis;Handline;5;kg;
HK0213U2;Kati_kati;2011;Yellowfin_tuna;Handline;2;kg;
HK0213U2;Kati_kati;2011;Scomberomorus_commerson;Handline;2;kg;
HK0213U2;Kati_kati;2011;Skipjack_tuna;Handline;2;kg;
HK0213U2;Aliopanza;2001;Lethrinus_lentjan;Handline;;kg;
HK0213U2;Aliopanza;2001;Lethrinus_mahsena;Handline;;kg;
HK0213U2;Aliopanza;2001;Lethrinus_variegatus;Handline;;kg;
HK0213U2;Aliopanza;2001;Cheilio_inermis;Handline;;kg;
HK0213U2;Aliopanza;2001;Yellowfin_tuna;Handline;;kg;
HK0213U2;Aliopanza;2001;Scomberomorus_commerson;Handline;;kg;
HK0213U2;Aliopanza;2001;Skipjack_tuna;Handline;;kg;
HK0213U3;Sasa;2021;Mullidae;Gillnet/Handline;6;kg;
HK0213U3;Sasa;2021;Scaridae;Gillnet/Handline;3;kg;
HK0213U3;Sasa;2021;Labridae;Gillnet/Handline;2;kg;
HK0213U3;Sasa;2021;Lethrinidae;Gillnet/Handline;1;kg;
HK0213U3;Sasa;2021;Siganidae;Gillnet/Handline;10;kg;
HK0213U3;Sasa;2021;Lutjanidae;Gillnet/Handline;3;kg;
HK0213U3;Sasa;2021;Squids;Gillnet/Handline;2;kg;
HK0213U3;Kati_kati;2003.5;Mullidae;Gillnet/Handline;8;kg;
HK0213U3;Kati_kati;2003.5;Scaridae;Gillnet/Handline;6;kg;
HK0213U3;Kati_kati;2003.5;Labridae;Gillnet/Handline;4;kg;
HK0213U3;Kati_kati;2003.5;Lethrinidae;Gillnet/Handline;3;kg;
HK0213U3;Kati_kati;2003.5;Siganidae;Gillnet/Handline;13;kg;
HK0213U3;Kati_kati;2003.5;Lutjanidae;Gillnet/Handline;4;kg;
HK0213U3;Kati_kati;2003.5;Squids;Gillnet/Handline;3;kg;
HK0213U3;Aliopanza;1986;Mullidae;Gillnet/Handline;;kg;
HK0213U3;Aliopanza;1986;Scaridae;Gillnet/Handline;;kg;
HK0213U3;Aliopanza;1986;Labridae;Gillnet/Handline;;kg;
HK0213U3;Aliopanza;1986;Lethrinidae;Gillnet/Handline;;kg;
HK0213U3;Aliopanza;1986;Siganidae;Gillnet/Handline;;kg;
HK0213U3;Aliopanza;1986;Lutjanidae;Gillnet/Handline;;kg;
HK0213U3;Aliopanza;1986;Squids;Gillnet/Handline;;kg;
HK0213U4;Sasa;2021;Carcharhinidae;Gillnet;2;number;/day/trip
HK0213U4;Sasa;2021;Crabs_Lobsters;Gillnet;1;number;/day/trip
HK0213U4;Sasa;2021;Carangoides;Gillnet;1;number;/day/trip
HK0213U4;Sasa;2021;Ray;Gillnet;2;number;/day/trip
HK0213U4;Kati_kati;2012.5;Carcharhinidae;Gillnet;4;number;/day/trip
HK0213U4;Kati_kati;2012.5;Crabs_Lobsters;Gillnet;2;number;/day/trip
HK0213U4;Kati_kati;2012.5;Carangoides;Gillnet;3;number;/day/trip
HK0213U4;Kati_kati;2012.5;Ray;Gillnet;5;number;/day/trip
HK0213U4;Aliopanza;2004;Carcharhinidae;Gillnet;;number;/day/trip
HK0213U4;Aliopanza;2004;Crabs_Lobsters;Gillnet;;number;/day/trip
HK0213U4;Aliopanza;2004;Carangoides;Gillnet;;number;/day/trip
HK0213U4;Aliopanza;2004;Ray;Gillnet;;number;/day/trip
HK0213U5;Sasa;2021;Plectorhinchus_sp;Spear;2;number;/day/trip
HK0213U5;Sasa;2021;Octopus;Spear;6;number;/day/trip
HK0213U5;Sasa;2021;Ray;Spear;2;number;/day/trip
HK0213U5;Sasa;2021;Scaridae;Spear;3;number;/day/trip
HK0213U5;Sasa;2021;Siganus_?;Spear;2;number;/day/trip
HK0213U5;Sasa;2021;Carangoides;Spear;3;number;/day/trip
HK0213U5;Sasa;2021;Diodontidae;Spear;4;number;/day/trip
HK0213U5;Sasa;2021;Balistidae;Spear;1;number;/day/trip
HK0213U5;Kati_kati;2015.5;Plectorhinchus_sp;Spear;4;number;/day/trip
HK0213U5;Kati_kati;2015.5;Octopus;Spear;12;number;/day/trip
HK0213U5;Kati_kati;2015.5;Ray;Spear;9;number;/day/trip
HK0213U5;Kati_kati;2015.5;Scaridae;Spear;8;number;/day/trip
HK0213U5;Kati_kati;2015.5;Siganus_?;Spear;7;number;/day/trip
HK0213U5;Kati_kati;2015.5;Carangoides;Spear;9;number;/day/trip
HK0213U5;Kati_kati;2015.5;Diodontidae;Spear;15;number;/day/trip
HK0213U5;Kati_kati;2015.5;Balistidae;Spear;4;number;/day/trip
HK0213U5;Aliopanza;2010;Plectorhinchus_sp;Spear;;number;/day/trip
HK0213U5;Aliopanza;2010;Octopus;Spear;;number;/day/trip
HK0213U5;Aliopanza;2010;Ray;Spear;;number;/day/trip
HK0213U5;Aliopanza;2010;Scaridae;Spear;;number;/day/trip
HK0213U5;Aliopanza;2010;Siganus_?;Spear;;number;/day/trip
HK0213U5;Aliopanza;2010;Carangoides;Spear;;number;/day/trip
HK0213U5;Aliopanza;2010;Diodontidae;Spear;;number;/day/trip
HK0213U5;Aliopanza;2010;Balistidae;Spear;;number;/day/trip
HK0214C6;Sasa;2021;Serranidae;Spear;2;number;/day/trip
HK0214C6;Sasa;2021;Squids;Spear;4;number;/day/trip
HK0214C6;Sasa;2021;Octopus;Spear;8;number;/day/trip
HK0214C6;Sasa;2021;Crabs_Lobsters;Spear;1;number;/day/trip
HK0214C6;Sasa;2021;Lutjanus_argemaculatus;Spear;1;number;/day/trip
HK0214C6;Sasa;2021;Anguilliformes;Spear;4;number;/day/trip
HK0214C6;Sasa;2021;Diodontidae;Spear;2;number;/day/trip
HK0214C6;Kati_kati;2015.5;Serranidae;Spear;4;number;/day/trip
HK0214C6;Kati_kati;2015.5;Squids;Spear;8;number;/day/trip
HK0214C6;Kati_kati;2015.5;Octopus;Spear;12;number;/day/trip
HK0214C6;Kati_kati;2015.5;Crabs_Lobsters;Spear;2;number;/day/trip
HK0214C6;Kati_kati;2015.5;Lutjanus_argemaculatus;Spear;3;number;/day/trip
HK0214C6;Kati_kati;2015.5;Anguilliformes;Spear;13;number;/day/trip
HK0214C6;Kati_kati;2015.5;Diodontidae;Spear;7;number;/day/trip
HK0214C6;Aliopanza;2010;Serranidae;Spear;;number;/day/trip
HK0214C6;Aliopanza;2010;Squids;Spear;;number;/day/trip
HK0214C6;Aliopanza;2010;Octopus;Spear;;number;/day/trip
HK0214C6;Aliopanza;2010;Crabs_Lobsters;Spear;;number;/day/trip
HK0214C6;Aliopanza;2010;Lutjanus_argentimaculatus;Spear;;number;/day/trip
HK0214C6;Aliopanza;2010;Anguilliformes;Spear;;number;/day/trip
HK0214C6;Aliopanza;2010;Diodontidae;Spear;;number;/day/trip
HK0214C7;Sasa;2021;Lethrinidae;Handline/Trap;15;number;/day/trip
HK0214C7;Sasa;2021;Serranidae;Trap;5;number;/day/trip
HK0214C7;Sasa;2021;Siganus_?;Trap;26;number;/day/trip
HK0214C7;Sasa;2021;Balistidae;Handline/Trap;3;number;/day/trip
HK0214C7;Sasa;2021;Mullidae;Trap;23;number;/day/trip
HK0214C7;Sasa;2021;Acanthurus_spp;Handline/Trap;13;number;/day/trip
HK0214C7;Sasa;2021;Labridae;Trap;9;number;/day/trip
HK0214C7;Kati_kati;2013.5;Lethrinidae;Handline/Trap;23;number;/day/trip
HK0214C7;Kati_kati;2013.5;Serranidae;Trap;9;number;/day/trip
HK0214C7;Kati_kati;2013.5;Siganus_?;Trap;34;number;/day/trip
HK0214C7;Kati_kati;2013.5;Balistidae;Handline/Trap;11;number;/day/trip
HK0214C7;Kati_kati;2013.5;Mullidae;Trap;39;number;/day/trip
HK0214C7;Kati_kati;2013.5;Acanthurus_spp;Handline/Trap;28;number;/day/trip
HK0214C7;Kati_kati;2013.5;Labridae;Trap;29;number;/day/trip
HK0214C7;Aliopanza;2006;Lethrinidae;Handline/Trap;;number;/day/trip
HK0214C7;Aliopanza;2006;Serranidae;Trap;;number;/day/trip
HK0214C7;Aliopanza;2006;Siganus_?;Trap;;number;/day/trip
HK0214C7;Aliopanza;2006;Balistidae;Handline/Trap;;number;/day/trip
HK0214C7;Aliopanza;2006;Mullidae;Trap;;number;/day/trip
HK0214C7;Aliopanza;2006;Acanthurus_spp;Handline/Trap;;number;/day/trip
HK0214C7;Aliopanza;2006;Labridae;Trap;;number;/day/trip
HK0214C8;Sasa;2021;Hipposcarus_harid;Trap/Net;4;number;/day/trip
HK0214C8;Sasa;2021;Leptoscarus_vaigiensis;Trap/Net;12;number;/day/trip
HK0214C8;Sasa;2021;Lethrinus_mahsena;Trap/Net;5;number;/day/trip
HK0214C8;Sasa;2021;Acanthurus_spp;Trap/Net;8;number;/day/trip
HK0214C8;Sasa;2021;Mullidae;Trap/Net;17;number;/day/trip
HK0214C8;Sasa;2021;Siganus_sutor;Trap/Net;7;number;/day/trip
HK0214C8;Sasa;2021;Lethrinus_lentjan;Trap/Net;4;number;/day/trip
HK0214C8;Sasa;2021;Lutjanus_argentimaculatus;Trap/Net;3;number;/day/trip
HK0214C8;Sasa;2021;Serranidae;Trap/Net;4;number;/day/trip
HK0214C8;Kati_kati;2006;Hipposcarus_harid;Trap/Net;9;number;/day/trip
HK0214C8;Kati_kati;2006;Leptoscarus_vaigiensis;Trap/Net;32;number;/day/trip
HK0214C8;Kati_kati;2006;Lethrinus_mahsena;Trap/Net;12;number;/day/trip
HK0214C8;Kati_kati;2006;Acanthurus_spp;Trap/Net;13;number;/day/trip
HK0214C8;Kati_kati;2006;Mullidae;Trap/Net;36;number;/day/trip
HK0214C8;Kati_kati;2006;Siganus_sutor;Trap/Net;18;number;/day/trip
HK0214C8;Kati_kati;2006;Lethrinus_lentjan;Trap/Net;9;number;/day/trip
HK0214C8;Kati_kati;2006;Lutjanus_argentimaculatus;Trap/Net;11;number;/day/trip
HK0214C8;Kati_kati;2006;Serranidae;Trap/Net;17;number;/day/trip
HK0214C8;Aliopanza;1991;Hipposcarus_harid;Trap/Net;;number;/day/trip
HK0214C8;Aliopanza;1991;Leptoscarus_vaigiensis;Trap/Net;;number;/day/trip
HK0214C8;Aliopanza;1991;Lethrinus_mahsena;Trap/Net;;number;/day/trip
HK0214C8;Aliopanza;1991;Acanthurus_spp;Trap/Net;;number;/day/trip
HK0214C8;Aliopanza;1991;Mullidae;Trap/Net;;number;/day/trip
HK0214C8;Aliopanza;1991;Siganus_sutor;Trap/Net;;number;/day/trip
HK0214C8;Aliopanza;1991;Lethrinus_lentjan;Trap/Net;;number;/day/trip
HK0214C8;Aliopanza;1991;Lutjanus_argentimaculatus;Trap/Net;;number;/day/trip
HK0214C8;Aliopanza;1991;Serranidae;Trap/Net;;number;/day/trip
HK0214C9;Sasa;2021;Lethrinidae;Gillnet;8;kg;/day/trip
HK0214C9;Sasa;2021;Mullidae;Gillnet;7;kg;/day/trip
HK0214C9;Sasa;2021;Scaridae;Gillnet;7;kg;/day/trip
HK0214C9;Sasa;2021;Balistidae;Gillnet;2;kg;/day/trip
HK0214C9;Sasa;2021;Sphyraenidae;Gillnet;3;kg;/day/trip
HK0214C9;Sasa;2021;Caesionidae;Gillnet;8;kg;/day/trip
HK0214C9;Sasa;2021;Siganus_?;Gillnet;5;kg;/day/trip
HK0214C9;Sasa;2021;Squids;Gillnet;2;kg;/day/trip
HK0214C9;Sasa;2021;Serranidae;Gillnet;3;kg;/day/trip
HK0214C9;Kati_kati;2013.5;Lethrinidae;Gillnet;9;kg;/day/trip
HK0214C9;Kati_kati;2013.5;Mullidae;Gillnet;8;kg;/day/trip
HK0214C9;Kati_kati;2013.5;Scaridae;Gillnet;8;kg;/day/trip
HK0214C9;Kati_kati;2013.5;Balistidae;Gillnet;3;kg;/day/trip
HK0214C9;Kati_kati;2013.5;Sphyraenidae;Gillnet;5;kg;/day/trip
HK0214C9;Kati_kati;2013.5;Caesionidae;Gillnet;9;kg;/day/trip
HK0214C9;Kati_kati;2013.5;Siganus_?;Gillnet;7;kg;/day/trip
HK0214C9;Kati_kati;2013.5;Squids;Gillnet;4;kg;/day/trip
HK0214C9;Kati_kati;2013.5;Serranidae;Gillnet;5;kg;/day/trip
HK0214C9;Aliopanza;2006;Lethrinidae;Gillnet;;kg;/day/trip
HK0214C9;Aliopanza;2006;Mullidae;Gillnet;;kg;/day/trip
HK0214C9;Aliopanza;2006;Scaridae;Gillnet;;kg;/day/trip
HK0214C9;Aliopanza;2006;Balistidae;Gillnet;;kg;/day/trip
HK0214C9;Aliopanza;2006;Sphyraenidae;Gillnet;;kg;/day/trip
HK0214C9;Aliopanza;2006;Caesionidae;Gillnet;;kg;/day/trip
HK0214C9;Aliopanza;2006;Siganus_?;Gillnet;;kg;/day/trip
HK0214C9;Aliopanza;2006;Squids;Gillnet;;kg;/day/trip
HK0214C9;Aliopanza;2006;Serranidae;Gillnet;;kg;/day/trip
HK0214C10;Sasa;2021;Scaridae;Trap;8;kg;/day/trip
HK0214C10;Sasa;2021;Labridae;Trap;5;kg;/day/trip
HK0214C10;Sasa;2021;Lethrinidae;Trap;3;kg;/day/trip
HK0214C10;Sasa;2021;Lethrinus_mahsena;Trap;2;kg;/day/trip
HK0214C10;Sasa;2021;Lethrinus_variegatus;Trap;3;kg;/day/trip
HK0214C10;Sasa;2021;Mullidae;Trap;6;kg;/day/trip
HK0214C10;Sasa;2021;Siganus_sutor;Trap;6;kg;/day/trip
HK0214C10;Sasa;2021;Serranidae;Trap;3;kg;/day/trip
HK0214C10;Kati_kati;2009.5;Scaridae;Trap;11;kg;/day/trip
HK0214C10;Kati_kati;2009.5;Labridae;Trap;6;kg;/day/trip
HK0214C10;Kati_kati;2009.5;Lethrinidae;Trap;4;kg;/day/trip
HK0214C10;Kati_kati;2009.5;Lethrinus_mahsena;Trap;3;kg;/day/trip
HK0214C10;Kati_kati;2009.5;Lethrinus_variegatus;Trap;5;kg;/day/trip
HK0214C10;Kati_kati;2009.5;Mullidae;Trap;9;kg;/day/trip
HK0214C10;Kati_kati;2009.5;Siganus_sutor;Trap;8;kg;/day/trip
HK0214C10;Kati_kati;2009.5;Serranidae;Trap;5;kg;/day/trip
HK0214C10;Aliopanza;1998;Scaridae;Trap;;kg;/day/trip
HK0214C10;Aliopanza;1998;Labridae;Trap;;kg;/day/trip
HK0214C10;Aliopanza;1998;Lethrinidae;Trap;;kg;/day/trip
HK0214C10;Aliopanza;1998;Lethrinus_mahsena;Trap;;kg;/day/trip
HK0214C10;Aliopanza;1998;Lethrinus_variegatus;Trap;;kg;/day/trip
HK0214C10;Aliopanza;1998;Mullidae;Trap;;kg;/day/trip
HK0214C10;Aliopanza;1998;Siganus_sutor;Trap;;kg;/day/trip
HK0214C10;Aliopanza;1998;Serranidae;Trap;;kg;/day/trip
HK0220M11;Sasa;2021;Istiophoridae;Floatnet/Handline;1;number;/day/trip
HK0220M11;Sasa;2021;Skipjack_tuna;Floatnet/Handline;1;number;/day/trip
HK0220M11;Sasa;2021;Ray;Floatnet/Handline;3;number;/day/trip
HK0220M11;Sasa;2021;Scomberomorus_commerson;Floatnet/Handline;1;number;/day/trip
HK0220M11;Sasa;2021;Yellowfin_tuna;Floatnet/Handline;2;number;/day/trip
HK0220M11;Sasa;2021;Mullidae;Floatnet/Handline;20;number;/day/trip
HK0220M11;Sasa;2021;Scaridae;Floatnet/Handline;17;number;/day/trip
HK0220M11;Kati_kati;2011;Istiophoridae;Floatnet/Handline;2;number;/day/trip
HK0220M11;Kati_kati;2011;Skipjack_tuna;Floatnet/Handline;2;number;/day/trip
HK0220M11;Kati_kati;2011;Ray;Floatnet/Handline;8;number;/day/trip
HK0220M11;Kati_kati;2011;Scomberomorus_commerson;Floatnet/Handline;2;number;/day/trip
HK0220M11;Kati_kati;2011;Yellowfin_tuna;Floatnet/Handline;4;number;/day/trip
HK0220M11;Kati_kati;2011;Mullidae;Floatnet/Handline;36;number;/day/trip
HK0220M11;Kati_kati;2011;Scaridae;Floatnet/Handline;30;number;/day/trip
HK0220M11;Aliopanza;2001;Istiophoridae;Floatnet/Handline;;number;/day/trip
HK0220M11;Aliopanza;2001;Skipjack_tuna;Floatnet/Handline;;number;/day/trip
HK0220M11;Aliopanza;2001;Ray;Floatnet/Handline;;number;/day/trip
HK0220M11;Aliopanza;2001;Scomberomorus_commerson;Floatnet/Handline;;number;/day/trip
HK0220M11;Aliopanza;2001;Yellowfin_tuna;Floatnet/Handline;;number;/day/trip
HK0220M11;Aliopanza;2001;Mullidae;Floatnet/Handline;;number;/day/trip
HK0220M11;Aliopanza;2001;Scaridae;Floatnet/Handline;;number;/day/trip
HK0220M12;Sasa;2021;Siganus_sutor;Gillnet/Trap;23;number;/day/trip
HK0220M12;Sasa;2021;Lethrinus_variegatus;Gillnet/Trap;31;number;/day/trip
HK0220M12;Sasa;2021;Lethrinus_lentjan;Gillnet/Trap;13;number;/day/trip
HK0220M12;Sasa;2021;Mullidae;Gillnet/Trap;26;number;/day/trip
HK0220M12;Sasa;2021;Skipjack_tuna;Gillnet/Trap;2;number;/day/trip
HK0220M12;Kati_kati;2013.5;Siganus_sutor;Gillnet/Trap;32;number;/day/trip
HK0220M12;Kati_kati;2013.5;Lethrinus_variegatus;Gillnet/Trap;46;number;/day/trip
HK0220M12;Kati_kati;2013.5;Lethrinus_lentjan;Gillnet/Trap;29;number;/day/trip
HK0220M12;Kati_kati;2013.5;Mullidae;Gillnet/Trap;3;number;/day/trip
HK0220M12;Kati_kati;2013.5;Skipjack_tuna;Gillnet/Trap;3;number;/day/trip
HK0220M12;Aliopanza;2006;Siganus_sutor;Gillnet/Trap;;number;/day/trip
HK0220M12;Aliopanza;2006;Lethrinus_variegatus;Gillnet/Trap;;number;/day/trip
HK0220M12;Aliopanza;2006;Lethrinus_lentjan;Gillnet/Trap;;number;/day/trip
HK0220M12;Aliopanza;2006;Mullidae;Gillnet/Trap;;number;/day/trip
HK0220M12;Aliopanza;2006;Skipjack_tuna;Gillnet/Trap;;number;/day/trip
HK0220M13;Sasa;2021;Siganus_sutor;Gillnet/Handline;25;number;/day/trip
HK0220M13;Sasa;2021;Lethrinus_lentjan;Gillnet/Handline;23;number;/day/trip
HK0220M13;Sasa;2021;Mullidae;Gillnet/Handline;36;number;/day/trip
HK0220M13;Sasa;2021;Lethrinus_mahsena;Gillnet/Handline;15;number;/day/trip
HK0220M13;Sasa;2021;Ray;Gillnet/Handline;4;number;/day/trip
HK0220M13;Sasa;2021;Skipjack_tuna;Gillnet/Handline;3;number;/day/trip
HK0220M13;Kati_kati;2013.5;Siganus_sutor;Gillnet/Handline;32;number;/day/trip
HK0220M13;Kati_kati;2013.5;Lethrinus_lentjan;Gillnet/Handline;38;number;/day/trip
HK0220M13;Kati_kati;2013.5;Mullidae;Gillnet/Handline;47;number;/day/trip
HK0220M13;Kati_kati;2013.5;Lethrinus_mahsena;Gillnet/Handline;37;number;/day/trip
HK0220M13;Kati_kati;2013.5;Ray;Gillnet/Handline;9;number;/day/trip
HK0220M13;Kati_kati;2013.5;Skipjack_tuna;Gillnet/Handline;6;number;/day/trip
HK0220M13;Aliopanza;2006;Siganus_sutor;Gillnet/Handline;;number;/day/trip
HK0220M13;Aliopanza;2006;Lethrinus_lentjan;Gillnet/Handline;;number;/day/trip
HK0220M13;Aliopanza;2006;Mullidae;Gillnet/Handline;;number;/day/trip
HK0220M13;Aliopanza;2006;Lethrinus_mahsena;Gillnet/Handline;;number;/day/trip
HK0220M13;Aliopanza;2006;Ray;Gillnet/Handline;;number;/day/trip
HK0220M13;Aliopanza;2006;Skipjack_tuna;Gillnet/Handline;;number;/day/trip
HK0220M14;Sasa;2021;Scaridae;Dragnet;43;number;/day/trip
HK0220M14;Sasa;2021;Mullidae;Dragnet;27;number;/day/trip
HK0220M14;Sasa;2021;Balistidae;Dragnet;3;number;/day/trip
HK0220M14;Sasa;2021;Siganidae;Dragnet;13;number;/day/trip
HK0220M14;Sasa;2021;Lethrinidae;Dragnet;25;number;/day/trip
HK0220M14;Sasa;2021;Labridae;Dragnet;22;number;/day/trip
HK0220M14;Kati_kati;2013.5;Scaridae;Dragnet;52;number;/day/trip
HK0220M14;Kati_kati;2013.5;Mullidae;Dragnet;41;number;/day/trip
HK0220M14;Kati_kati;2013.5;Balistidae;Dragnet;7;number;/day/trip
HK0220M14;Kati_kati;2013.5;Siganidae;Dragnet;29;number;/day/trip
HK0220M14;Kati_kati;2013.5;Lethrinidae;Dragnet;48;number;/day/trip
HK0220M14;Kati_kati;2013.5;Labridae;Dragnet;35;number;/day/trip
HK0220M14;Aliopanza;2006;Scaridae;Dragnet;;number;/day/trip
HK0220M14;Aliopanza;2006;Mullidae;Dragnet;;number;/day/trip
HK0220M14;Aliopanza;2006;Balistidae;Dragnet;;number;/day/trip
HK0220M14;Aliopanza;2006;Siganidae;Dragnet;;number;/day/trip
HK0220M14;Aliopanza;2006;Lethrinidae;Dragnet;;number;/day/trip
HK0220M14;Aliopanza;2006;Labridae;Dragnet;;number;/day/trip
HK0220M15;Sasa;2021;Siganidae;Trap;15;number;/day/trip
HK0220M15;Sasa;2021;Lethrinidae;Trap;17;number;/day/trip
HK0220M15;Sasa;2021;Mullidae;Trap;26;number;/day/trip
HK0220M15;Sasa;2021;Scaridae;Trap;24;number;/day/trip
HK0220M15;Sasa;2021;Labridae;Trap;13;number;/day/trip
HK0220M15;Sasa;2021;Serranidae;Trap;11;number;/day/trip
HK0220M15;Kati_kati;2001;Siganidae;Trap;26;number;/day/trip
HK0220M15;Kati_kati;2001;Lethrinidae;Trap;34;number;/day/trip
HK0220M15;Kati_kati;2001;Mullidae;Trap;48;number;/day/trip
HK0220M15;Kati_kati;2001;Scaridae;Trap;46;number;/day/trip
HK0220M15;Kati_kati;2001;Labridae;Trap;26;number;/day/trip
HK0220M15;Kati_kati;2001;Serranidae;Trap;25;number;/day/trip
HK0220M15;Aliopanza;1981;Siganidae;Trap;;number;/day/trip
HK0220M15;Aliopanza;1981;Lethrinidae;Trap;;number;/day/trip
HK0220M15;Aliopanza;1981;Mullidae;Trap;;number;/day/trip
HK0220M15;Aliopanza;1981;Scaridae;Trap;;number;/day/trip
HK0220M15;Aliopanza;1981;Labridae;Trap;;number;/day/trip
HK0220M15;Aliopanza;1981;Serranidae;Trap;;number;/day/trip
HK0221P16;Sasa;2021;Scaridae;Trap;21;number;/day/trip
HK0221P16;Sasa;2021;Serranidae;Trap;3;number;/day/trip
HK0221P16;Sasa;2021;Lethrinus_mahsena;Trap;12;number;/day/trip
HK0221P16;Sasa;2021;Cheilio_inermis;Trap;3;number;/day/trip
HK0221P16;Sasa;2021;Mullidae;Trap;23;number;/day/trip
HK0221P16;Sasa;2021;Siganidae;Trap;12;number;/day/trip
HK0221P16;Kati_kati;2006;Scaridae;Trap;35;number;/day/trip
HK0221P16;Kati_kati;2006;Serranidae;Trap;7;number;/day/trip
HK0221P16;Kati_kati;2006;Lethrinus_mahsena;Trap;28;number;/day/trip
HK0221P16;Kati_kati;2006;Cheilio_inermis;Trap;8;number;/day/trip
HK0221P16;Kati_kati;2006;Mullidae;Trap;48;number;/day/trip
HK0221P16;Kati_kati;2006;Siganidae;Trap;29;number;/day/trip
HK0221P16;Aliopanza;1991;Scaridae;Trap;;number;/day/trip
HK0221P16;Aliopanza;1991;Serranidae;Trap;;number;/day/trip
HK0221P16;Aliopanza;1991;Lethrinus_mahsena;Trap;;number;/day/trip
HK0221P16;Aliopanza;1991;Cheilio_inermis;Trap;;number;/day/trip
HK0221P16;Aliopanza;1991;Mullidae;Trap;;number;/day/trip
HK0221P16;Aliopanza;1991;Siganidae;Trap;;number;/day/trip
HK0221P17;Sasa;2021;Lethrinidae;Handline;23;number;/day/trip
HK0221P17;Sasa;2021;Siganidae;Handline;11;number;/day/trip
HK0221P17;Sasa;2021;Serranidae;Handline;4;number;/day/trip
HK0221P17;Sasa;2021;Scaridae;Handline;13;number;/day/trip
HK0221P17;Sasa;2021;Balistidae;Handline;4;number;/day/trip
HK0221P17;Sasa;2021;Lutjanidae;Handline;12;number;/day/trip
HK0221P17;Kati_kati;2001;Lethrinidae;Handline;35;number;/day/trip
HK0221P17;Kati_kati;2001;Siganidae;Handline;24;number;/day/trip
HK0221P17;Kati_kati;2001;Serranidae;Handline;12;number;/day/trip
HK0221P17;Kati_kati;2001;Scaridae;Handline;32;number;/day/trip
HK0221P17;Kati_kati;2001;Balistidae;Handline;9;number;/day/trip
HK0221P17;Kati_kati;2001;Lutjanidae;Handline;27;number;/day/trip
HK0221P17;Aliopanza;1981;Lethrinidae;Handline;;number;/day/trip
HK0221P17;Aliopanza;1981;Siganidae;Handline;;number;/day/trip
HK0221P17;Aliopanza;1981;Serranidae;Handline;;number;/day/trip
HK0221P17;Aliopanza;1981;Scaridae;Handline;;number;/day/trip
HK0221P17;Aliopanza;1981;Balistidae;Handline;;number;/day/trip
HK0221P17;Aliopanza;1981;Lutjanidae;Handline;;number;/day/trip
HK0221P18;Sasa;2021;Lethrinus_mahsena;Handline;27;number;/day/trip
HK0221P18;Sasa;2021;Lethrinus_lentjan;Handline;32;number;/day/trip
HK0221P18;Sasa;2021;Lethrinus_harak;Handline;24;number;/day/trip
HK0221P18;Sasa;2021;Siganus_?;Handline;12;number;/day/trip
HK0221P18;Sasa;2021;Serranidae;Handline;4;number;/day/trip
HK0221P18;Sasa;2021;Cheilio_inermis;Handline;14;number;/day/trip
HK0221P18;Kati_kati;2003.5;Lethrinus_mahsena;Handline;31;number;/day/trip
HK0221P18;Kati_kati;2003.5;Lethrinus_lentjan;Handline;45;number;/day/trip
HK0221P18;Kati_kati;2003.5;Lethrinus_harak;Handline;47;number;/day/trip
HK0221P18;Kati_kati;2003.5;Siganus_?;Handline;35;number;/day/trip
HK0221P18;Kati_kati;2003.5;Serranidae;Handline;9;number;/day/trip
HK0221P18;Kati_kati;2003.5;Cheilio_inermis;Handline;25;number;/day/trip
HK0221P18;Aliopanza;1986;Lethrinus_mahsena;Handline;;number;/day/trip
HK0221P18;Aliopanza;1986;Lethrinus_lentjan;Handline;;number;/day/trip
HK0221P18;Aliopanza;1986;Lethrinus_harak;Handline;;number;/day/trip
HK0221P18;Aliopanza;1986;Siganus_?;Handline;;number;/day/trip
HK0221P18;Aliopanza;1986;Serranidae;Handline;;number;/day/trip
HK0221P18;Aliopanza;1986;Cheilio_inermis;Handline;;number;/day/trip
HK0221P19;Sasa;2021;Siganus_?;Handline;14;number;/day/trip
HK0221P19;Sasa;2021;Mullidae;Handline;16;number;/day/trip
HK0221P19;Sasa;2021;Scaridae;Handline;13;number;/day/trip
HK0221P19;Sasa;2021;Lethrinus_mahsena;Handline;8;number;/day/trip
HK0221P19;Sasa;2021;Lethrinus_lentjan;Handline;7;number;/day/trip
HK0221P19;Sasa;2021;Lethrinus_harak;Handline;5;number;/day/trip
HK0221P19;Sasa;2021;Lutjanus_sps?;Handline;16;number;/day/trip
HK0221P19;Sasa;2021;Serranidae;Handline;2;number;/day/trip
HK0221P19;Sasa;2021;Cheilio_inermis;Handline;3;number;/day/trip
HK0221P19;Kati_kati;2006;Siganus_?;Handline;21;number;/day/trip
HK0221P19;Kati_kati;2006;Mullidae;Handline;35;number;/day/trip
HK0221P19;Kati_kati;2006;Scaridae;Handline;28;number;/day/trip
HK0221P19;Kati_kati;2006;Lethrinus_mahsena;Handline;15;number;/day/trip
HK0221P19;Kati_kati;2006;Lethrinus_lentjan;Handline;11;number;/day/trip
HK0221P19;Kati_kati;2006;Lethrinus_harak;Handline;8;number;/day/trip
HK0221P19;Kati_kati;2006;Lutjanus_sps?;Handline;28;number;/day/trip
HK0221P19;Kati_kati;2006;Serranidae;Handline;5;number;/day/trip
HK0221P19;Kati_kati;2006;Cheilio_inermis;Handline;6;number;/day/trip
HK0221P19;Aliopanza;1991;Siganus_?;Handline;;number;/day/trip
HK0221P19;Aliopanza;1991;Mullidae;Handline;;number;/day/trip
HK0221P19;Aliopanza;1991;Scaridae;Handline;;number;/day/trip
HK0221P19;Aliopanza;1991;Lethrinus_mahsena;Handline;;number;/day/trip
HK0221P19;Aliopanza;1991;Lethrinus_lentjan;Handline;;number;/day/trip
HK0221P19;Aliopanza;1991;Lethrinus_harak;Handline;;number;/day/trip
HK0221P19;Aliopanza;1991;Lutjanus_sps?;Handline;;number;/day/trip
HK0221P19;Aliopanza;1991;Serranidae;Handline;;number;/day/trip
HK0221P19;Aliopanza;1991;Cheilio_inermis;Handline;;number;/day/trip
HK0221P20;Sasa;2021;Balistidae;Spear;3;number;/day/trip
HK0221P20;Sasa;2021;Serranidae;Spear;2;number;/day/trip
HK0221P20;Sasa;2021;Diodontidae;Spear;4;number;/day/trip
HK0221P20;Sasa;2021;Acanthurus_spp;Spear;3;number;/day/trip
HK0221P20;Sasa;2021;Rhinobatidae;Spear;2;number;/day/trip
HK0221P20;Sasa;2021;Anguilliformes;Spear;5;number;/day/trip
HK0221P20;Sasa;2021;Ray;Spear;2;number;/day/trip
HK0221P20;Sasa;2021;Octopus;Spear;7;number;/day/trip
HK0221P20;Sasa;2021;Siganus_?;Spear;2;number;/day/trip
HK0221P20;Kati_kati;2008.5;Balistidae;Spear;7;number;/day/trip
HK0221P20;Kati_kati;2008.5;Serranidae;Spear;9;number;/day/trip
HK0221P20;Kati_kati;2008.5;Diodontidae;Spear;11;number;/day/trip
HK0221P20;Kati_kati;2008.5;Acanthurus_spp;Spear;9;number;/day/trip
HK0221P20;Kati_kati;2008.5;Rhinobatidae;Spear;6;number;/day/trip
HK0221P20;Kati_kati;2008.5;Anguilliformes;Spear;15;number;/day/trip
HK0221P20;Kati_kati;2008.5;Ray;Spear;9;number;/day/trip
HK0221P20;Kati_kati;2008.5;Octopus;Spear;19;number;/day/trip
HK0221P20;Kati_kati;2008.5;Siganus_?;Spear;7;number;/day/trip
HK0221P20;Aliopanza;1996;Balistidae;Spear;;number;/day/trip
HK0221P20;Aliopanza;1996;Serranidae;Spear;;number;/day/trip
HK0221P20;Aliopanza;1996;Diodontidae;Spear;;number;/day/trip
HK0221P20;Aliopanza;1996;Acanthurus_spp;Spear;;number;/day/trip
HK0221P20;Aliopanza;1996;Rhinobatidae;Spear;;number;/day/trip
HK0221P20;Aliopanza;1996;Anguilliformes;Spear;;number;/day/trip
HK0221P20;Aliopanza;1996;Ray;Spear;;number;/day/trip
HK0221P20;Aliopanza;1996;Octopus;Spear;;number;/day/trip
HK0221P20;Aliopanza;1996;Siganus_?;Spear;;number;/day/trip
NJ0213U1;Sasa;2021;Octopus;Spear;11;kg;
NJ0213U1;Sasa;2021;Squids;Spear;28;kg;
NJ0213U1;Sasa;2021;Anguilliformes;Spear;5;kg;
NJ0213U1;Sasa;2021;Mullidae;Spear;3;kg;
NJ0213U1;Sasa;2021;Scarus_ghobban;Spear;4;kg;
NJ0213U1;Sasa;2021;Acanthurus_spp;Spear;1;kg;
NJ0213U1;Kati_kati;2015;Octopus;Spear;18;kg;
NJ0213U1;Kati_kati;2015;Squids;Spear;24;kg;
NJ0213U1;Kati_kati;2015;Anguilliformes;Spear;10;kg;
NJ0213U1;Kati_kati;2015;Mullidae;Spear;7;kg;
NJ0213U1;Kati_kati;2015;Scarus_ghobban;Spear;5;kg;
NJ0213U1;Kati_kati;2015;Acanthurus_spp;Spear;4;kg;
NJ0213U1;Aliopanza;2009;Octopus;Spear;30;kg;
NJ0213U1;Aliopanza;2009;Squids;Spear;30;kg;
NJ0213U1;Aliopanza;2009;Anguilliformes;Spear;12;kg;
NJ0213U1;Aliopanza;2009;Mullidae;Spear;9;kg;
NJ0213U1;Aliopanza;2009;Scarus_ghobban;Spear;10;kg;
NJ0213U1;Aliopanza;2009;Acanthurus_spp;Spear;4;kg;
NJ0213U2;Sasa;2021;Siganus_sutor;Trap;200;number;
NJ0213U2;Sasa;2021;Mullidae;Trap;50;number;
NJ0213U2;Sasa;2021;Scarus_ghobban;Trap;100;number;
NJ0213U2;Kati_kati;1991;Siganus_sutor;Trap;300;number;
NJ0213U2;Kati_kati;1991;Mullidae;Trap;80;number;
NJ0213U2;Kati_kati;1991;Scarus_ghobban;Trap;200;number;
NJ0213U2;Aliopanza;1961;Siganus_sutor;Trap;400;number;
NJ0213U2;Aliopanza;1961;Mullidae;Trap;150;number;
NJ0213U2;Aliopanza;1961;Scarus_ghobban;Trap;300;number;
NJ0213U3;Sasa;2021;Leptoscarus_vaigiensis;Trap;50;number;
NJ0213U3;Sasa;2021;Hipposcarus_harid;Trap;30;number;
NJ0213U3;Sasa;2021;Scarus_ghobban;Trap;90;number;
NJ0213U3;Sasa;2021;Siganus_sutor;Trap;30;number;
NJ0213U3;Kati_kati;2013.5;Leptoscarus_vaigiensis;Trap;200;number;
NJ0213U3;Kati_kati;2013.5;Hipposcarus_harid;Trap;50;number;
NJ0213U3;Kati_kati;2013.5;Scarus_ghobban;Trap;90;number;
NJ0213U3;Kati_kati;2013.5;Siganus_sutor;Trap;20;number;
NJ0213U3;Aliopanza;2006;Leptoscarus_vaigiensis;Trap;300;number;
NJ0213U3;Aliopanza;2006;Hipposcarus_harid;Trap;50;number;
NJ0213U3;Aliopanza;2006;Scarus_ghobban;Trap;100;number;
NJ0213U3;Aliopanza;2006;Siganus_sutor;Trap;150;number;
NJ0213U4;Sasa;2021;Octopus;FootFisher;6;number;
NJ0213U4;Sasa;2021;Anguilliformes;FootFisher;5;number;
NJ0213U4;Sasa;2021;Crabs_Lobsters;FootFisher;10;number;
NJ0213U4;Sasa;2021;Snails;FootFisher;2;bucket;
NJ0213U4;Kati_kati;2016;Octopus;FootFisher;8;number;
NJ0213U4;Kati_kati;2016;Anguilliformes;FootFisher;7;number;
NJ0213U4;Kati_kati;2016;Crabs_Lobsters;FootFisher;12;number;
NJ0213U4;Kati_kati;2016;Snails;FootFisher;3;bucket;
NJ0213U4;Aliopanza;2011;Octopus;FootFisher;10;number;
NJ0213U4;Aliopanza;2011;Anguilliformes;FootFisher;10;number;
NJ0213U4;Aliopanza;2011;Crabs_Lobsters;FootFisher;15;number;
NJ0213U4;Aliopanza;2011;Snails;FootFisher;4;bucket;
NJ0213U5;Sasa;2021;Octopus;Spear;4;mitungo;
NJ0213U5;Sasa;2021;Crabs_Lobsters;Spear;10;number;
NJ0213U5;Sasa;2021;Plotosidae;Spear;20;number;
NJ0213U5;Kati_kati;2003.5;Octopus;Spear;4;mitungo;
NJ0213U5;Kati_kati;2003.5;Crabs_Lobsters;Spear;15;number;
NJ0213U5;Kati_kati;2003.5;Plotosidae;Spear;25;number;
NJ0213U5;Aliopanza;1986;Octopus;Spear;5;mitungo;
NJ0213U5;Aliopanza;1986;Crabs_Lobsters;Spear;15;number;
NJ0213U5;Aliopanza;1986;Plotosidae;Spear;30;number;
NJ0214C6;Sasa;2021;Octopus;Spear;6;number;
NJ0214C6;Sasa;2021;Squids;Spear;7;number;
NJ0214C6;Sasa;2021;Crabs_Lobsters;Spear;10;number;
NJ0214C6;Sasa;2021;Snails;Spear;2;bucket;
NJ0214C6;Kati_kati;2013.5;Octopus;Spear;8;mitungo;
NJ0214C6;Kati_kati;2013.5;Squids;Spear;8;number;
NJ0214C6;Kati_kati;2013.5;Crabs_Lobsters;Spear;15;number;
NJ0214C6;Kati_kati;2013.5;Snails;Spear;4;bucket;
NJ0214C6;Aliopanza;2006;Octopus;Spear;4;mitungo;
NJ0214C6;Aliopanza;2006;Squids;Spear;10;number;
NJ0214C6;Aliopanza;2006;Crabs_Lobsters;Spear;20;number;
NJ0214C6;Aliopanza;2006;Snails;Spear;5;bucket;
NJ0214C7;Sasa;2021;Octopus;FootFisher;7;number;
NJ0214C7;Sasa;2021;Squids;FootFisher;7;number;
NJ0214C7;Sasa;2021;Crabs_Lobsters;FootFisher;10;number;
NJ0214C7;Sasa;2021;Snails;FootFisher;2;bucket;
NJ0214C7;Kati_kati;2018.5;Octopus;FootFisher;8;mitungo;
NJ0214C7;Kati_kati;2018.5;Squids;FootFisher;8;number;
NJ0214C7;Kati_kati;2018.5;Crabs_Lobsters;FootFisher;12;number;
NJ0214C7;Kati_kati;2018.5;Snails;FootFisher;4;bucket;
NJ0214C7;Aliopanza;2016;Octopus;FootFisher;4;mitungo;
NJ0214C7;Aliopanza;2016;Squids;FootFisher;12;number;
NJ0214C7;Aliopanza;2016;Crabs_Lobsters;FootFisher;15;number;
NJ0214C7;Aliopanza;2016;Snails;FootFisher;4;bucket;
NJ0214C8;Sasa;2021;Octopus;Spear;10;number;
NJ0214C8;Sasa;2021;Squids;Spear;10;number;
NJ0214C8;Sasa;2021;Anguilliformes;Spear;3;mitungo;
NJ0214C8;Sasa;2021;Mullidae;Spear;2;mitungo;
NJ0214C8;Kati_kati;2013.5;Octopus;Spear;12;number;
NJ0214C8;Kati_kati;2013.5;Squids;Spear;10;number;
NJ0214C8;Kati_kati;2013.5;Anguilliformes;Spear;5;mitungo;
NJ0214C8;Kati_kati;2013.5;Mullidae;Spear;3;mitungo;
NJ0214C8;Aliopanza;2006;Octopus;Spear;12;number;
NJ0214C8;Aliopanza;2006;Squids;Spear;10;number;
NJ0214C8;Aliopanza;2006;Anguilliformes;Spear;7;number;
NJ0214C8;Aliopanza;2006;Mullidae;Spear;4;mitungo;
NJ0214C9;Sasa;2021;Lethrinidae;Longline;6;number;
NJ0214C9;Sasa;2021;Serranidae;Longline;5;number;
NJ0214C9;Sasa;2021;Rachycentridae;Longline;7;number;
NJ0214C9;Sasa;2021;Lutjanus_argumentus;Longline;6;number;
NJ0214C9;Sasa;2021;Carangoides;Longline;15;number;
NJ0214C9;Kati_kati;2011;Lethrinidae;Longline;20;number;
NJ0214C9;Kati_kati;2011;Serranidae;Longline;10;number;
NJ0214C9;Kati_kati;2011;Rachycentridae;Longline;11;number;
NJ0214C9;Kati_kati;2011;Lutjanus_argumentus;Longline;8;number;
NJ0214C9;Kati_kati;2011;Carangoides;Longline;16;number;
NJ0214C9;Aliopanza;2001;Lethrinidae;Longline;25;number;
NJ0214C9;Aliopanza;2001;Serranidae;Longline;12;number;
NJ0214C9;Aliopanza;2001;Rachycentridae;Longline;12;number;
NJ0214C9;Aliopanza;2001;Lutjanus_argumentus;Longline;9;number;
NJ0214C9;Aliopanza;2001;Carangoides;Longline;18;number;
NJ0214C10;Sasa;2021;Sailfish;Gillnet;8;number;
NJ0214C10;Sasa;2021;Tuna;Gillnet;8;number;
NJ0214C10;Sasa;2021;Kingfish;Gillnet;5;number;
NJ0214C10;Sasa;2021;Istiophoridae;Gillnet;10;number;
NJ0214C10;Sasa;2021;Shark;Gillnet;4;number;
NJ0214C10;Sasa;2021;Lethrinidae;Gillnet;9;number;
NJ0214C10;Sasa;2021;Mullidae;Gillnet;6;number;
NJ0214C10;Sasa;2021;Scaridae;Gillnet;7;number;
NJ0214C10;Kati_kati;2013.5;Sailfish;Gillnet;7;number;
NJ0214C10;Kati_kati;2013.5;Tuna;Gillnet;7;number;
NJ0214C10;Kati_kati;2013.5;Kingfish;Gillnet;8;number;
NJ0214C10;Kati_kati;2013.5;Istiophoridae;Gillnet;10;number;
NJ0214C10;Kati_kati;2013.5;Shark;Gillnet;6;number;
NJ0214C10;Kati_kati;2013.5;Lethrinidae;Gillnet;11;number;
NJ0214C10;Kati_kati;2013.5;Mullidae;Gillnet;12;number;
NJ0214C10;Kati_kati;2013.5;Scaridae;Gillnet;9;number;
NJ0214C10;Aliopanza;2006;Sailfish;Gillnet;8;number;
NJ0214C10;Aliopanza;2006;Tuna;Gillnet;7;number;
NJ0214C10;Aliopanza;2006;Kingfish;Gillnet;9;number;
NJ0214C10;Aliopanza;2006;Istiophoridae;Gillnet;10;number;
NJ0214C10;Aliopanza;2006;Shark;Gillnet;7;number;
NJ0214C10;Aliopanza;2006;Lethrinidae;Gillnet;10;number;
NJ0214C10;Aliopanza;2006;Mullidae;Gillnet;15;number;
NJ0214C10;Aliopanza;2006;Scaridae;Gillnet;10;number;
NJ0220M11;Sasa;2021;Carangoides;Longline;14;number;
NJ0220M11;Sasa;2021;Lethrinidae;Longline;4;number;
NJ0220M11;Sasa;2021;Serranidae;Longline;5;number;
NJ0220M11;Sasa;2021;Rachycentridae;Longline;10;number;
NJ0220M11;Sasa;2021;Lutjanus_sebae;Longline;8;number;
NJ0220M11;Sasa;2021;Lutjanus_argentimaculatus;Longline;7;number;
NJ0220M11;Kati_kati;2018;Carangoides;Longline;15;number;
NJ0220M11;Kati_kati;2018;Lethrinidae;Longline;5;number;
NJ0220M11;Kati_kati;2018;Serranidae;Longline;6;number;
NJ0220M11;Kati_kati;2018;Rachycentridae;Longline;7;number;
NJ0220M11;Kati_kati;2018;Lutjanus_sebae;Longline;8;number;
NJ0220M11;Kati_kati;2018;Lutjanus_argentimaculatus;Longline;7;number;
NJ0220M11;Kati_kati;2015;Carangoides;Longline;16;number;
NJ0220M11;Aliopanza;2015;Lethrinidae;Longline;6;number;
NJ0220M11;Aliopanza;2015;Serranidae;Longline;7;number;
NJ0220M11;Aliopanza;2015;Rachycentridae;Longline;12;number;
NJ0220M11;Aliopanza;2015;Lutjanus_sebae;Longline;10;number;
NJ0220M11;Aliopanza;2015;Lutjanus_argentimaculatus;Longline;7;number;
NJ0220M12;Sasa;2021;Scaridae;Trap;21;number;
NJ0220M12;Sasa;2021;Mullidae;Trap;25;number;
NJ0220M12;Sasa;2021;Lethrinus_borbonicus;Trap;20;number;
NJ0220M12;Sasa;2021;Lethrinus_harak;Trap;10;number;
NJ0220M12;Sasa;2021;Lethrinus_variegatus;Trap;10;number;
NJ0220M12;Sasa;2021;Lethrinus_mahsena;Trap;10;number;
NJ0220M12;Sasa;2021;Siganidae;Trap;15;number;
NJ0220M12;Kati_kati;2006;Scaridae;Trap;22;mitungo;
NJ0220M12;Kati_kati;2006;Mullidae;Trap;27;number;
NJ0220M12;Kati_kati;2006;Lethrinus_borbonicus;Trap;20;number;
NJ0220M12;Kati_kati;2006;Lethrinus_harak;Trap;12;number;
NJ0220M12;Kati_kati;2006;Lethrinus_variegatus;Trap;11;mitungo;
NJ0220M12;Kati_kati;2006;Lethrinus_mahsena;Trap;10;number;
NJ0220M12;Kati_kati;2006;Siganidae;Trap;15;number;
NJ0220M12;Aliopanza;1991;Scaridae;Trap;25;number;
NJ0220M12;Aliopanza;1991;Mullidae;Trap;27;mitungo;
NJ0220M12;Aliopanza;1991;Lethrinus_borbonicus;Trap;22;number;
NJ0220M12;Aliopanza;1991;Lethrinus_harak;Trap;24;number;
NJ0220M12;Aliopanza;1991;Lethrinus_variegatus;Trap;12;number;
NJ0220M12;Aliopanza;1991;Lethrinus_mahsena;Trap;14;mitungo;
NJ0220M12;Aliopanza;1991;Siganidae;Trap;17;number;
NJ0220M13;Sasa;2021;Siganus_sutor;Trap;20;number;
NJ0220M13;Sasa;2021;Mullidae;Trap;25;number;
NJ0220M13;Sasa;2021;Lethrinus_lentjan;Trap;25;number;
NJ0220M13;Sasa;2021;Lethrinus_mahsena;Trap;20;number;
NJ0220M13;Sasa;2021;Scarus_ghobban;Trap;20;number;
NJ0220M13;Sasa;2021;Lethrinus_borbonicus;Trap;15;;
NJ0220M13;Kati_kati;2015.5;Siganus_sutor;Trap;24;;
NJ0220M13;Kati_kati;2015.5;Mullidae;Trap;26;;
NJ0220M13;Kati_kati;2015.5;Lethrinus_lentjan;Trap;28;;
NJ0220M13;Kati_kati;2015.5;Lethrinus_mahsena;Trap;24;;
NJ0220M13;Kati_kati;2015.5;Scarus_ghobban;Trap;26;;
NJ0220M13;Kati_kati;2015.5;Lethrinus_borbonicus;Trap;15;;
NJ0220M13;Aliopanza;2010;Siganus_sutor;Trap;25;;
NJ0220M13;Aliopanza;2010;Mullidae;Trap;30;;
NJ0220M13;Aliopanza;2010;Lethrinus_lentjan;Trap;24;;
NJ0220M13;Aliopanza;2010;Lethrinus_mahsena;Trap;26;;
NJ0220M13;Aliopanza;2010;Scarus_ghobban;Trap;15;;
NJ0220M13;Aliopanza;2010;Lethrinus_borbonicus;Trap;18;;
NJ0220M14;Sasa;2021;Skipjack_tuna;Floatnet;2;number;
NJ0220M14;Sasa;2021;Scaridae;Floatnet;20;number;
NJ0220M14;Sasa;2021;Istiophoridae;Floatnet;2;number;
NJ0220M14;Sasa;2021;Mullidae;Floatnet;22;number;
NJ0220M14;Sasa;2021;Scomberomorus_commerson;Floatnet;8;number;
NJ0220M14;Sasa;2021;Yellowfin_tuna;Floatnet;5;number;
NJ0220M14;Kati_kati;2016;Skipjack_tuna;Floatnet;2;number;
NJ0220M14;Kati_kati;2016;Scaridae;Floatnet;22;number;
NJ0220M14;Kati_kati;2016;Istiophoridae;Floatnet;2;number;
NJ0220M14;Kati_kati;2016;Mullidae;Floatnet;25;number;
NJ0220M14;Kati_kati;2016;Scomberomorus_commerson;Floatnet;8;number;
NJ0220M14;Kati_kati;2016;Yellowfin_tuna;Floatnet;6;number;
NJ0220M14;Aliopanza;2011;Skipjack_tuna;Floatnet;4;number;
NJ0220M14;Aliopanza;2011;Scaridae;Floatnet;28;number;
NJ0220M14;Aliopanza;2011;Istiophoridae;Floatnet;4;number;
NJ0220M14;Aliopanza;2011;Mullidae;Floatnet;28;number;
NJ0220M14;Aliopanza;2011;Scomberomorus_commerson;Floatnet;10;number;
NJ0220M14;Aliopanza;2011;Yellowfin_tuna;Floatnet;7;number;
NJ0220M15;Sasa;2021;Bivalves;Stick/hand;1;bucket;
NJ0220M15;Sasa;2021;Snails;Stick/hand;1;bucket;
NJ0220M15;Sasa;2021;Crabs_Lobsters;Stick/hand;10;number;
NJ0220M15;Kati_kati;2016;Bivalves;Stick/hand;1.5;bucket;
NJ0220M15;Kati_kati;2016;Snails;Stick/hand;1.5;bucket;
NJ0220M15;Kati_kati;2016;Crabs_Lobsters;Stick/hand;15;number;
NJ0220M15;Aliopanza;2011;Bivalves;Stick/hand;2;bucket;
NJ0220M15;Aliopanza;2011;Snails;Stick/hand;2;bucket;
NJ0220M15;Aliopanza;2011;Crabs_Lobsters;Stick/hand;15;number;
NJ0221P16;Sasa;2021;Scaridae;Trap;8;number;
NJ0221P16;Sasa;2021;Labridae;Trap;5;number;
NJ0221P16;Sasa;2021;Lethrinidae;Trap;3;number;
NJ0221P16;Sasa;2021;Lethrinus_mahsena;Trap;2;number;
NJ0221P16;Sasa;2021;Lethrinus_variegatus;Trap;3;number;
NJ0221P16;Sasa;2021;Mullidae;Trap;6;number;
NJ0221P16;Sasa;2021;Siganus_sutor;Trap;6;number;
NJ0221P16;Sasa;2021;Serranidae;Trap;3;number;
NJ0221P16;Sasa;2021;Labridae;Trap;13;number;
NJ0221P16;Sasa;2021;Mullidae;Trap;26;number;
NJ0221P16;Kati_kati;2008.5;Scaridae;Trap;11;number;
NJ0221P16;Kati_kati;2008.5;Labridae;Trap;6;number;
NJ0221P16;Kati_kati;2008.5;Lethrinidae;Trap;4;number;
NJ0221P16;Kati_kati;2008.5;Lethrinus_mahsena;Trap;3;number;
NJ0221P16;Kati_kati;2008.5;Lethrinus_variegatus;Trap;5;number;
NJ0221P16;Kati_kati;2008.5;Mullidae;Trap;9;number;
NJ0221P16;Kati_kati;2008.5;Siganus_sutor;Trap;8;number;
NJ0221P16;Kati_kati;2008.5;Serranidae;Trap;5;number;
NJ0221P16;Kati_kati;2008.5;Labridae;Trap;26;number;
NJ0221P16;Kati_kati;2008.5;Mullidae;Trap;48;number;
NJ0221P16;Aliopanza;1996;Scaridae;Trap;15;number;
NJ0221P16;Aliopanza;1996;Labridae;Trap;8;number;
NJ0221P16;Aliopanza;1996;Lethrinidae;Trap;5;number;
NJ0221P16;Aliopanza;1996;Lethrinus_mahsena;Trap;4;number;
NJ0221P16;Aliopanza;1996;Lethrinus_variegatus;Trap;6;number;
NJ0221P16;Aliopanza;1996;Mullidae;Trap;10;number;
NJ0221P16;Aliopanza;1996;Siganus_sutor;Trap;8;number;
NJ0221P16;Aliopanza;1996;Serranidae;Trap;7;number;
NJ0221P16;Aliopanza;1996;Labridae;Trap;30;number;
NJ0221P16;Aliopanza;1996;Mullidae;Trap;50;number;
NJ0221P17;Sasa;2021;Siganidae;Trap;16;number;
NJ0221P17;Sasa;2021;Lethrinidae;Trap;18;number;
NJ0221P17;Sasa;2021;Mullidae;Trap;23;number;
NJ0221P17;Sasa;2021;Scaridae;Trap;24;number;
NJ0221P17;Sasa;2021;Labridae;Trap;12;number;
NJ0221P17;Sasa;2021;Serranidae;Trap;12;number;
NJ0221P17;Kati_kati;1996;Siganidae;Trap;20;number;
NJ0221P17;Kati_kati;1996;Lethrinidae;Trap;24;number;
NJ0221P17;Kati_kati;1996;Mullidae;Trap;25;number;
NJ0221P17;Kati_kati;1996;Scaridae;Trap;35;number;
NJ0221P17;Kati_kati;1996;Labridae;Trap;20;number;
NJ0221P17;Kati_kati;1996;Serranidae;Trap;25;number;
NJ0221P17;Aliopanza;1971;Siganidae;Trap;25;number;
NJ0221P17;Aliopanza;1971;Lethrinidae;Trap;35;number;
NJ0221P17;Aliopanza;1971;Mullidae;Trap;30;number;
NJ0221P17;Aliopanza;1971;Scaridae;Trap;46;number;
NJ0221P17;Aliopanza;1971;Labridae;Trap;26;number;
NJ0221P17;Aliopanza;1971;Serranidae;Trap;30;number;
NJ0221P18;Sasa;2021;Lethrinidae;Handline;20;number;
NJ0221P18;Sasa;2021;Siganidae;Handline;15;number;
NJ0221P18;Sasa;2021;Serranidae;Handline;5;number;
NJ0221P18;Sasa;2021;Scaridae;Handline;14;number;
NJ0221P18;Sasa;2021;Balistidae;Handline;5;number;
NJ0221P18;Sasa;2021;Lutjanidae;Handline;12;number;
NJ0221P18;Sasa;2021;Mullidae;Handline;15;number;
NJ0221P18;Sasa;2021;Balistidae;Handline;6;number;
NJ0221P18;Kati_kati;2006;Lethrinidae;Handline;30;number;
NJ0221P18;Kati_kati;2006;Siganidae;Handline;22;number;
NJ0221P18;Kati_kati;2006;Serranidae;Handline;12;number;
NJ0221P18;Kati_kati;2006;Scaridae;Handline;30;number;
NJ0221P18;Kati_kati;2006;Balistidae;Handline;8;number;
NJ0221P18;Kati_kati;2006;Lutjanidae;Handline;25;number;
NJ0221P18;Kati_kati;2006;Mullidae;Handline;30;number;
NJ0221P18;Kati_kati;2006;Balistidae;Handline;10;number;
NJ0221P18;Aliopanza;1991;Lethrinidae;Handline;35;number;
NJ0221P18;Aliopanza;1991;Siganidae;Handline;25;number;
NJ0221P18;Aliopanza;1991;Serranidae;Handline;15;number;
NJ0221P18;Aliopanza;1991;Scaridae;Handline;32;number;
NJ0221P18;Aliopanza;1991;Balistidae;Handline;9;number;
NJ0221P18;Aliopanza;1991;Lutjanidae;Handline;27;number;
NJ0221P18;Aliopanza;1991;Mullidae;Handline;35;number;
NJ0221P18;Aliopanza;1991;Balistidae;Handline;13;number;
NJ0221P19;Sasa;2021;Octopus;Spear;6;number;
NJ0221P19;Sasa;2021;Anguilliformes;Spear;3;number;
NJ0221P19;Sasa;2021;Squids;Spear;6;number;
NJ0221P19;Sasa;2021;Balistidae;Spear;3;number;
NJ0221P19;Sasa;2021;Ray;Spear;2;number;
NJ0221P19;Sasa;2021;Diodontidae;Spear;4;number;
NJ0221P19;Kati_kati;2006;Octopus;Spear;8;number;
NJ0221P19;Kati_kati;2006;Anguilliformes;Spear;5;number;
NJ0221P19;Kati_kati;2006;Squids;Spear;8;number;
NJ0221P19;Kati_kati;2006;Balistidae;Spear;5;number;
NJ0221P19;Kati_kati;2006;Ray;Spear;5;number;
NJ0221P19;Kati_kati;2006;Diodontidae;Spear;6;number;
NJ0221P19;Aliopanza;1991;Octopus;Spear;12;number;
NJ0221P19;Aliopanza;1991;Anguilliformes;Spear;6;number;
NJ0221P19;Aliopanza;1991;Squids;Spear;8;number;
NJ0221P19;Aliopanza;1991;Balistidae;Spear;7;number;
NJ0221P19;Aliopanza;1991;Ray;Spear;6;number;
NJ0221P19;Aliopanza;1991;Diodontidae;Spear;6;number;
NJ0221P20;Sasa;2021;Scarus_?;Fence;4;number;
NJ0221P20;Sasa;2021;Mugilidae;Fence;3;number;
NJ0221P20;Kati_kati;2006;Scarus_?;Fence;5;number;
NJ0221P20;Kati_kati;2006;Mugilidae;Fence;5;number;
NJ0221P20;Aliopanza;1991;Scarus_?;Fence;6;number;
NJ0221P20;Aliopanza;1991;Mugilidae;Fence;7;number;
