Id;Species;Not_at_all;Occassionally;Often;Main_species;Sum;Gear
OH0213U1;Siganus_sutor;1;0;0;0;1;none
OH0213U1;Siganus_stellatus;1;0;0;0;1;none
OH0213U1;Lethrinus_lentjan;1;0;0;0;1;none
OH0213U1;Lethrinus_borbonicus;0;1;0;0;1;Handline
OH0213U1;Lethrinus_harak;0;1;0;0;1;Handline
OH0213U1;Lethrinus_variegatus;0;1;0;0;1;Handline
OH0213U1;Lethrinus_mahsena;0;1;0;0;1;Handline
OH0213U1;Monodactylus_argentus;1;0;0;0;1;none
OH0213U1;Lutjanus_fulviflamma;0;1;0;0;1;Handline
OH0213U1;Scarus_ghobban;0;1;0;0;1;Spear
OH0213U1;Hipposcarus_harid;0;1;0;0;1;Handline
OH0213U1;Calatomus_carolinus;1;0;0;0;1;none
OH0213U1;Leptoscarus_vaigiensis;1;0;0;0;1;none
OH0213U1;Plectorhinchus_gibbus;0;0;1;0;1;Spear
OH0213U1;Acanthurus_spp;0;0;1;0;1;Spear
OH0213U1;Serranidae;0;0;1;0;1;Spear
OH0213U1;Mullidae;0;0;1;0;1;Spear
OH0213U1;Balistidae;1;0;0;0;1;none
OH0213U1;Mugilidae;1;0;0;0;1;none
OH0213U1;Belonidae;1;0;0;0;1;none
OH0213U1;Chirocentridae;1;0;0;0;1;none
OH0213U1;Sphyraenidae;0;1;0;0;1;Spear
OH0213U1;Caesionidae;1;0;0;0;1;none
OH0213U1;Sardinella_spp;1;0;0;0;1;none
OH0213U1;Rhinobatidae;1;0;0;0;1;none
OH0213U1;Octopus;0;0;1;0;1;Spear
OH0213U1;Squids;0;0;1;0;1;Handline
OH0213U1;Crabs_Lobsters;0;0;1;0;1;Spear
OH0213U1;Snails;1;0;0;0;1;none
OH0213U1;Anguilliformes;0;0;1;0;1;Spear
OH0213U1;Kolekole;1;0;0;0;1;none
OH0213U1;Changu mkubwa;1;0;0;0;1;none
OH0213U2;Siganus_sutor;1;0;0;0;1;none
OH0213U2;Siganus_stellatus;1;0;0;0;1;none
OH0213U2;Lethrinus_lentjan;0;1;0;0;1;Handline
OH0213U2;Lethrinus_borbonicus;0;1;0;0;1;Handline
OH0213U2;Lethrinus_harak;0;1;0;0;1;Handline
OH0213U2;Lethrinus_variegatus;1;0;0;0;1;none
OH0213U2;Lethrinus_mahsena;0;1;0;0;1;Handline
OH0213U2;Monodactylus_argentus;1;0;0;0;1;none
OH0213U2;Lutjanus_fulviflamma;0;0;1;0;1;Handline
OH0213U2;Scarus_ghobban;1;0;0;0;1;none
OH0213U2;Hipposcarus_harid;1;0;0;0;1;none
OH0213U2;Calatomus_carolinus;1;0;0;0;1;none
OH0213U2;Leptoscarus_vaigiensis;1;0;0;0;1;none
OH0213U2;Plectorhinchus_gibbus;0;1;0;0;1;none
OH0213U2;Acanthurus_spp;1;0;0;0;1;none
OH0213U2;Serranidae;0;1;0;0;1;none
OH0213U2;Mullidae;0;1;0;0;1;none
OH0213U2;Balistidae;0;1;0;0;1;none
OH0213U2;Mugilidae;1;0;0;0;1;none
OH0213U2;Belonidae;1;0;0;0;1;none
OH0213U2;Chirocentridae;1;0;0;0;1;none
OH0213U2;Sphyraenidae;0;1;0;0;1;Handline
OH0213U2;Caesionidae;1;0;0;0;1;none
OH0213U2;Sardinella_spp;1;0;0;0;1;none
OH0213U2;Rhinobatidae;1;0;0;0;1;none
OH0213U2;Octopus;0;1;0;0;1;Handline
OH0213U2;Squids;0;1;0;0;1;Handline
OH0213U2;Crabs_Lobsters;1;0;0;0;1;none
OH0213U2;Snails;1;0;0;0;1;none
OH0213U2;Anguilliformes;0;1;0;0;1;none
OH0213U2;Kolekole;0;0;1;0;1;Handline
OH0213U2;Changu mkubwa;1;0;0;0;1;none
OH0213U3;Siganus_sutor;0;0;1;0;1;Floatnet
OH0213U3;Siganus_stellatus;0;1;0;0;1;Floatnet
OH0213U3;Lethrinus_lentjan;0;0;1;0;1;Floatnet
OH0213U3;Lethrinus_borbonicus;0;0;1;0;1;Floatnet
OH0213U3;Lethrinus_harak;0;0;1;0;1;Floatnet
OH0213U3;Lethrinus_variegatus;1;0;0;0;1;none
OH0213U3;Lethrinus_mahsena;0;0;1;0;1;Floatnet
OH0213U3;Monodactylus_argentus;0;1;0;0;1;Floatnet
OH0213U3;Lutjanus_fulviflamma;0;1;0;0;1;Floatnet
OH0213U3;Scarus_ghobban;0;1;0;0;1;Floatnet
OH0213U3;Hipposcarus_harid;0;1;0;0;1;Floatnet
OH0213U3;Calatomus_carolinus;0;1;0;0;1;Floatnet
OH0213U3;Leptoscarus_vaigiensis;0;1;0;0;1;Floatnet
OH0213U3;Plectorhinchus_gibbus;0;1;0;0;1;Floatnet
OH0213U3;Acanthurus_spp;0;1;0;0;1;Floatnet
OH0213U3;Serranidae;0;0;1;0;1;longline
OH0213U3;Mullidae;1;0;0;0;1;none
OH0213U3;Balistidae;0;1;0;0;1;Floatnet
OH0213U3;Mugilidae;0;1;0;0;1;Floatnet
OH0213U3;Belonidae;0;1;0;0;1;Floatnet
OH0213U3;Chirocentridae;0;0;1;0;1;Floatnet
OH0213U3;Sphyraenidae;0;1;0;0;1;Floatnet
OH0213U3;Caesionidae;0;0;1;0;1;Floatnet
OH0213U3;Sardinella_spp;1;0;0;0;1;none
OH0213U3;Rhinobatidae;0;1;0;0;1;Floatnet
OH0213U3;Octopus;1;0;0;0;1;none
OH0213U3;Squids;0;0;1;0;1;Floatnet
OH0213U3;Crabs_Lobsters;1;0;0;0;1;none
OH0213U3;Snails;1;0;0;0;1;none
OH0213U3;Anguilliformes;0;1;0;0;1;Longline
OH0213U3;Kolekole;0;0;0;0;0;none
OH0213U3;Changu mkubwa;0;0;1;0;1;Floatnet
OH0213U4;Siganus_sutor;0;1;0;0;1;Spear
OH0213U4;Siganus_stellatus;0;1;0;0;1;Spear
OH0213U4;Lethrinus_lentjan;1;0;0;0;1;none
OH0213U4;Lethrinus_borbonicus;1;0;0;0;1;none
OH0213U4;Lethrinus_harak;1;0;0;0;1;none
OH0213U4;Lethrinus_variegatus;1;0;0;0;1;none
OH0213U4;Lethrinus_mahsena;1;0;0;0;1;none
OH0213U4;Monodactylus_argentus;0;1;0;0;1;Spear
OH0213U4;Lutjanus_fulviflamma;0;1;0;0;1;Spear
OH0213U4;Scarus_ghobban;0;0;1;0;1;Spear
OH0213U4;Hipposcarus_harid;1;0;0;0;1;none
OH0213U4;Calatomus_carolinus;1;0;0;0;1;none
OH0213U4;Leptoscarus_vaigiensis;1;0;0;0;1;none
OH0213U4;Plectorhinchus_gibbus;0;0;1;0;1;Spear
OH0213U4;Acanthurus_spp;0;0;1;0;1;Spear
OH0213U4;Serranidae;0;0;1;0;1;Spear
OH0213U4;Mullidae;0;0;1;0;1;Spear
OH0213U4;Balistidae;0;0;1;0;1;Spear
OH0213U4;Mugilidae;0;1;0;0;1;Spear
OH0213U4;Belonidae;1;0;0;0;1;none
OH0213U4;Chirocentridae;1;0;0;0;1;none
OH0213U4;Sphyraenidae;1;0;0;0;1;none
OH0213U4;Caesionidae;1;0;0;0;1;none
OH0213U4;Sardinella_spp;1;0;0;0;1;none
OH0213U4;Rhinobatidae;1;0;0;0;1;none
OH0213U4;Octopus;0;0;1;0;1;Spear
OH0213U4;Squids;0;1;0;0;1;Spear
OH0213U4;Crabs_Lobsters;0;0;1;0;1;Spear
OH0213U4;Snails;1;0;0;0;1;none
OH0213U4;Anguilliformes;1;0;0;0;1;none
OH0213U4;Kolekole;1;0;0;0;1;none
OH0213U4;Changu mkubwa;1;0;0;0;1;none
OH0213U5;Siganus_sutor;0;1;0;0;1;Handline
OH0213U5;Siganus_stellatus;1;0;0;0;1;none
OH0213U5;Lethrinus_lentjan;1;0;0;0;1;none
OH0213U5;Lethrinus_borbonicus;1;0;0;0;1;none
OH0213U5;Lethrinus_harak;1;0;0;0;1;none
OH0213U5;Lethrinus_variegatus;1;0;0;0;1;none
OH0213U5;Lethrinus_mahsena;1;0;0;0;1;none
OH0213U5;Monodactylus_argentus;1;0;0;0;1;none
OH0213U5;Lutjanus_fulviflamma;1;0;0;0;1;none
OH0213U5;Scarus_ghobban;0;1;0;0;1;Trap
OH0213U5;Hipposcarus_harid;1;0;0;0;1;none
OH0213U5;Calatomus_carolinus;1;0;0;0;1;none
OH0213U5;Leptoscarus_vaigiensis;1;0;0;0;1;none
OH0213U5;Plectorhinchus_gibbus;1;0;0;0;1;none
OH0213U5;Acanthurus_spp;1;0;0;0;1;none
OH0213U5;Serranidae;1;0;0;0;1;none
OH0213U5;Mullidae;0;1;0;0;1;Trap
OH0213U5;Balistidae;0;1;0;0;1;Spear
OH0213U5;Mugilidae;1;0;0;0;1;none
OH0213U5;Belonidae;1;0;0;0;1;none
OH0213U5;Chirocentridae;1;0;0;0;1;none
OH0213U5;Sphyraenidae;1;0;0;0;1;none
OH0213U5;Caesionidae;1;0;0;0;1;none
OH0213U5;Sardinella_spp;1;0;0;0;1;none
OH0213U5;Rhinobatidae;1;0;0;0;1;none
OH0213U5;Octopus;0;0;1;0;1;Spear
OH0213U5;Squids;1;0;0;0;1;none
OH0213U5;Crabs_Lobsters;0;1;0;0;1;Spear
OH0213U5;Snails;1;0;0;0;1;none
OH0213U5;Anguilliformes;0;1;0;0;1;Spear
OH0213U5;Kolekole;1;0;0;0;1;none
OH0213U5;Changu mkubwa;1;0;0;0;1;none
OH0214C6;Siganus_sutor;0;0;1;0;1;Dragnet
OH0214C6;Siganus_stellatus;1;0;0;0;1;none
OH0214C6;Lethrinus_lentjan;0;1;0;0;1;Dragnet
OH0214C6;Lethrinus_borbonicus;1;0;0;0;1;none
OH0214C6;Lethrinus_harak;0;0;1;0;1;Dragnet
OH0214C6;Lethrinus_variegatus;1;0;0;0;1;none
OH0214C6;Lethrinus_mahsena;1;0;0;0;1;none
OH0214C6;Monodactylus_argentus;1;0;0;0;1;none
OH0214C6;Lutjanus_fulviflamma;0;0;1;0;1;Dragnet
OH0214C6;Scarus_ghobban;1;0;0;0;1;none
OH0214C6;Hipposcarus_harid;1;0;0;0;1;none
OH0214C6;Calatomus_carolinus;1;0;0;0;1;none
OH0214C6;Leptoscarus_vaigiensis;1;0;0;0;1;none
OH0214C6;Plectorhinchus_gibbus;1;0;0;0;1;none
OH0214C6;Acanthurus_spp;0;0;1;0;1;Dragnet
OH0214C6;Serranidae;1;0;0;0;1;none
OH0214C6;Mullidae;1;0;0;0;1;none
OH0214C6;Balistidae;1;0;0;0;1;none
OH0214C6;Mugilidae;0;0;1;0;1;Dragnet
OH0214C6;Belonidae;1;0;0;0;1;none
OH0214C6;Chirocentridae;1;0;0;0;1;none
OH0214C6;Sphyraenidae;1;0;0;0;1;none
OH0214C6;Caesionidae;1;0;0;0;1;none
OH0214C6;Sardinella_spp;1;0;0;0;1;none
OH0214C6;Rhinobatidae;1;0;0;0;1;none
OH0214C6;Octopus;1;0;0;0;1;none
OH0214C6;Squids;0;0;1;0;1;Dragnet
OH0214C6;Crabs_Lobsters;1;0;0;0;1;none
OH0214C6;Snails;1;0;0;0;1;none
OH0214C6;Anguilliformes;1;0;0;0;1;none
OH0214C6;Kolekole;1;0;0;0;1;none
OH0214C6;Changu mkubwa;1;0;0;0;1;none
OH0214C7;Siganus_sutor;1;0;0;0;1;none
OH0214C7;Siganus_stellatus;1;0;0;0;1;none
OH0214C7;Lethrinus_lentjan;1;0;0;0;1;none
OH0214C7;Lethrinus_borbonicus;1;0;0;0;1;none
OH0214C7;Lethrinus_harak;1;0;0;0;1;none
OH0214C7;Lethrinus_variegatus;1;0;0;0;1;none
OH0214C7;Lethrinus_mahsena;1;0;0;0;1;none
OH0214C7;Monodactylus_argentus;1;0;0;0;1;none
OH0214C7;Lutjanus_fulviflamma;1;0;0;0;1;none
OH0214C7;Scarus_ghobban;1;0;0;0;1;none
OH0214C7;Hipposcarus_harid;1;0;0;0;1;none
OH0214C7;Calatomus_carolinus;1;0;0;0;1;none
OH0214C7;Leptoscarus_vaigiensis;1;0;0;0;1;none
OH0214C7;Plectorhinchus_gibbus;0;1;0;0;1;Longline
OH0214C7;Acanthurus_spp;1;0;0;0;1;none
OH0214C7;Serranidae;1;0;0;0;1;none
OH0214C7;Mullidae;1;0;0;0;1;none
OH0214C7;Balistidae;1;0;0;0;1;none
OH0214C7;Mugilidae;1;0;0;0;1;none
OH0214C7;Belonidae;0;1;0;0;1;Longline
OH0214C7;Chirocentridae;0;1;0;0;1;Longline
OH0214C7;Sphyraenidae;0;1;0;0;1;Longline
OH0214C7;Caesionidae;1;0;0;0;1;none
OH0214C7;Sardinella_spp;1;0;0;0;1;none
OH0214C7;Rhinobatidae;1;0;0;0;1;none
OH0214C7;Octopus;0;0;1;0;1;Longline
OH0214C7;Squids;0;0;1;0;1;Longline
OH0214C7;Crabs_Lobsters;1;0;0;0;1;none
OH0214C7;Snails;1;0;0;0;1;none
OH0214C7;Anguilliformes;1;0;0;0;1;none
OH0214C7;Kolekole;1;0;0;0;1;none
OH0214C7;Changu mkubwa;1;0;0;0;1;none
OH0214C8;Siganus_sutor;0;0;1;0;1;Dragnet+Trap
OH0214C8;Siganus_stellatus;1;0;0;0;1;none
OH0214C8;Lethrinus_lentjan;0;0;1;0;1;Dragnet
OH0214C8;Lethrinus_borbonicus;1;0;0;0;1;none
OH0214C8;Lethrinus_harak;0;0;1;0;1;Dragnet
OH0214C8;Lethrinus_variegatus;1;0;0;0;1;none
OH0214C8;Lethrinus_mahsena;0;0;1;0;1;Dragnet
OH0214C8;Monodactylus_argentus;0;1;0;0;1;Dragnet
OH0214C8;Lutjanus_fulviflamma;0;0;0;1;1;Dragnet
OH0214C8;Scarus_ghobban;0;1;0;0;1;Dragnet
OH0214C8;Hipposcarus_harid;0;1;0;0;1;Dragnet
OH0214C8;Calatomus_carolinus;0;1;0;0;1;Dragnet
OH0214C8;Leptoscarus_vaigiensis;0;0;1;0;1;Dragnet
OH0214C8;Plectorhinchus_gibbus;1;0;0;0;1;none
OH0214C8;Acanthurus_spp;0;0;1;0;1;Dragnet
OH0214C8;Serranidae;1;0;0;0;1;none
OH0214C8;Mullidae;0;0;1;0;1;Dragnet
OH0214C8;Balistidae;0;1;0;0;1;Dragnet
OH0214C8;Mugilidae;0;0;1;0;1;Dragnet
OH0214C8;Belonidae;0;0;1;0;1;Dragnet
OH0214C8;Chirocentridae;0;0;1;0;1;Dragnet
OH0214C8;Sphyraenidae;0;0;1;0;1;Dragnet
OH0214C8;Caesionidae;0;0;1;0;1;Dragnet
OH0214C8;Sardinella_spp;1;0;0;0;1;none
OH0214C8;Rhinobatidae;1;0;0;0;1;none
OH0214C8;Octopus;1;0;0;0;1;none
OH0214C8;Squids;0;0;1;0;1;Dragnet
OH0214C8;Crabs_Lobsters;1;0;0;0;1;none
OH0214C8;Snails;1;0;0;0;1;none
OH0214C8;Anguilliformes;1;0;0;0;1;none
OH0214C8;Kolekole;1;0;0;0;1;none
OH0214C8;Changu mkubwa;1;0;0;0;1;none
OH0214C9;Siganus_sutor;0;1;0;0;1;Trap
OH0214C9;Siganus_stellatus;1;0;0;0;1;none
OH0214C9;Lethrinus_lentjan;0;1;0;0;1;Trap
OH0214C9;Lethrinus_borbonicus;0;1;0;0;1;Trap
OH0214C9;Lethrinus_harak;0;1;0;0;1;Trap
OH0214C9;Lethrinus_variegatus;1;0;0;0;1;none
OH0214C9;Lethrinus_mahsena;0;1;0;0;1;Trap
OH0214C9;Monodactylus_argentus;1;0;0;0;1;none
OH0214C9;Lutjanus_fulviflamma;0;0;1;0;1;Trap
OH0214C9;Scarus_ghobban;0;0;1;0;1;Trap
OH0214C9;Hipposcarus_harid;1;0;0;0;1;none
OH0214C9;Calatomus_carolinus;1;0;0;0;1;none
OH0214C9;Leptoscarus_vaigiensis;0;0;1;0;1;Trap
OH0214C9;Plectorhinchus_gibbus;1;0;0;0;1;none
OH0214C9;Acanthurus_spp;1;0;0;0;1;none
OH0214C9;Serranidae;1;0;0;0;1;none
OH0214C9;Mullidae;0;0;1;0;1;Trap
OH0214C9;Balistidae;1;0;0;0;1;none
OH0214C9;Mugilidae;1;0;0;0;1;none
OH0214C9;Belonidae;1;0;0;0;1;none
OH0214C9;Chirocentridae;1;0;0;0;1;none
OH0214C9;Sphyraenidae;1;0;0;0;1;none
OH0214C9;Caesionidae;1;0;0;0;1;none
OH0214C9;Sardinella_spp;1;0;0;0;1;none
OH0214C9;Rhinobatidae;1;0;0;0;1;none
OH0214C9;Octopus;1;0;0;0;1;none
OH0214C9;Squids;1;0;0;0;1;none
OH0214C9;Crabs_Lobsters;1;0;0;0;1;none
OH0214C9;Snails;1;0;0;0;1;none
OH0214C9;Anguilliformes;0;1;0;0;1;Trap
OH0214C9;Kolekole;1;0;0;0;1;none
OH0214C9;Changu mkubwa;1;0;0;0;1;none
OH0214C10;Siganus_sutor;1;0;0;0;1;none
OH0214C10;Siganus_stellatus;1;0;0;0;1;none
OH0214C10;Lethrinus_lentjan;1;0;0;0;1;none
OH0214C10;Lethrinus_borbonicus;1;0;0;0;1;none
OH0214C10;Lethrinus_harak;1;0;0;0;1;none
OH0214C10;Lethrinus_variegatus;1;0;0;0;1;none
OH0214C10;Lethrinus_mahsena;1;0;0;0;1;none
OH0214C10;Monodactylus_argentus;1;0;0;0;1;none
OH0214C10;Lutjanus_fulviflamma;1;0;0;0;1;none
OH0214C10;Scarus_ghobban;1;0;0;0;1;none
OH0214C10;Hipposcarus_harid;1;0;0;0;1;none
OH0214C10;Calatomus_carolinus;1;0;0;0;1;none
OH0214C10;Leptoscarus_vaigiensis;1;0;0;0;1;none
OH0214C10;Plectorhinchus_gibbus;1;0;0;0;1;none
OH0214C10;Acanthurus_spp;1;0;0;0;1;none
OH0214C10;Serranidae;1;0;0;0;1;none
OH0214C10;Mullidae;1;0;0;0;1;none
OH0214C10;Balistidae;1;0;0;0;1;none
OH0214C10;Mugilidae;1;0;0;0;1;none
OH0214C10;Belonidae;1;0;0;0;1;none
OH0214C10;Chirocentridae;1;0;0;0;1;none
OH0214C10;Sphyraenidae;1;0;0;0;1;none
OH0214C10;Caesionidae;1;0;0;0;1;none
OH0214C10;Sardinella_spp;1;0;0;0;1;none
OH0214C10;Rhinobatidae;1;0;0;0;1;none
OH0214C10;Octopus;1;0;0;0;1;none
OH0214C10;Squids;0;0;1;0;1;Handline
OH0214C10;Crabs_Lobsters;1;0;0;0;1;none
OH0214C10;Snails;1;0;0;0;1;none
OH0214C10;Anguilliformes;1;0;0;0;1;none
OH0214C10;Kolekole;1;0;0;0;1;none
OH0214C10;Changu mkubwa;1;0;0;0;1;none
OH0220M11;Siganus_sutor;0;0;1;0;1;Handline
OH0220M11;Siganus_stellatus;0;1;0;0;1;Handline
OH0220M11;Lethrinus_lentjan;0;1;0;0;1;Handline
OH0220M11;Lethrinus_borbonicus;0;0;1;0;1;Handline
OH0220M11;Lethrinus_harak;0;0;1;0;1;Handline
OH0220M11;Lethrinus_variegatus;0;0;1;0;1;Handline
OH0220M11;Lethrinus_mahsena;0;1;0;0;1;Handline
OH0220M11;Monodactylus_argentus;1;0;0;0;1;none
OH0220M11;Lutjanus_fulviflamma;0;0;1;0;1;Handline
OH0220M11;Scarus_ghobban;1;0;0;0;1;none
OH0220M11;Hipposcarus_harid;1;0;0;0;1;none
OH0220M11;Calatomus_carolinus;1;0;0;0;1;none
OH0220M11;Leptoscarus_vaigiensis;1;0;0;0;1;none
OH0220M11;Plectorhinchus_gibbus;1;0;0;0;1;none
OH0220M11;Acanthurus_spp;1;0;0;0;1;none
OH0220M11;Serranidae;0;1;0;0;1;Handline
OH0220M11;Mullidae;1;0;0;0;1;none
OH0220M11;Balistidae;1;0;0;0;1;none
OH0220M11;Mugilidae;1;0;0;0;1;none
OH0220M11;Belonidae;1;0;0;0;1;none
OH0220M11;Chirocentridae;0;1;0;0;1;Floatnet
OH0220M11;Sphyraenidae;0;1;0;0;1;Floatnet
OH0220M11;Caesionidae;1;0;0;0;1;none
OH0220M11;Sardinella_spp;1;0;0;0;1;none
OH0220M11;Anguilliformes;1;0;0;0;1;none
OH0220M11;Rhinobatidae;0;1;0;0;1;Floatnet
OH0220M11;Octopus;1;0;0;0;1;none
OH0220M11;Squids;1;0;0;0;1;none
OH0220M11;Crabs_Lobsters;1;0;0;0;1;none
OH0220M11;Snails;1;0;0;0;1;none
OH0220M12;Siganus_sutor;0;0;1;0;1;Trap
OH0220M12;Siganus_stellatus;0;1;0;0;1;Trap
OH0220M12;Lethrinus_lentjan;0;0;1;0;1;Trap
OH0220M12;Lethrinus_borbonicus;0;0;1;0;1;Trap
OH0220M12;Lethrinus_harak;0;0;1;0;1;Trap
OH0220M12;Lethrinus_variegatus;1;0;0;0;1;none
OH0220M12;Lethrinus_mahsena;0;0;1;0;1;Trap
OH0220M12;Monodactylus_argentus;1;0;0;0;1;none
OH0220M12;Lutjanus_fulviflamma;0;1;0;0;1;Trap
OH0220M12;Scarus_ghobban;0;0;1;0;1;Trap
OH0220M12;Hipposcarus_harid;0;0;1;0;1;Trap
OH0220M12;Calatomus_carolinus;0;0;1;0;1;Trap
OH0220M12;Leptoscarus_vaigiensis;0;0;1;0;1;Trap
OH0220M12;Plectorhinchus_gibbus;0;1;0;0;1;Trap
OH0220M12;Acanthurus_spp;0;0;1;0;1;Trap
OH0220M12;Serranidae;0;1;0;0;1;Trap
OH0220M12;Mullidae;0;0;1;0;1;Trap
OH0220M12;Balistidae;0;1;0;0;1;Trap
OH0220M12;Mugilidae;1;0;0;0;1;none
OH0220M12;Belonidae;0;1;0;0;1;Floatnet
OH0220M12;Chirocentridae;0;1;0;0;1;Floatnet
OH0220M12;Sphyraenidae;0;1;0;0;1;Floatnet
OH0220M12;Caesionidae;0;1;0;0;1;Floatnet
OH0220M12;Sardinella_spp;1;0;0;0;1;none
OH0220M12;Anguilliformes;0;0;1;0;1;Trap
OH0220M12;Rhinobatidae;1;0;0;0;1;none
OH0220M12;Octopus;0;1;0;0;1;Trap
OH0220M12;Squids;1;0;0;0;1;none
OH0220M12;Crabs_Lobsters;0;1;0;0;1;Trap
OH0220M12;Snails;1;0;0;0;1;none
OH0220M13;Siganus_sutor;0;0;1;0;1;Trap
OH0220M13;Siganus_stellatus;1;0;0;0;1;none
OH0220M13;Lethrinus_lentjan;0;0;1;0;1;Trap
OH0220M13;Lethrinus_borbonicus;1;0;0;0;1;none
OH0220M13;Lethrinus_harak;0;0;1;0;1;Trap
OH0220M13;Lethrinus_variegatus;1;0;0;0;1;none
OH0220M13;Lethrinus_mahsena;0;0;1;0;1;Trap
OH0220M13;Monodactylus_argentus;1;0;0;0;1;none
OH0220M13;Lutjanus_fulviflamma;0;1;0;0;1;Trap
OH0220M13;Scarus_ghobban;0;0;1;0;1;Trap
OH0220M13;Hipposcarus_harid;0;0;1;0;1;Trap
OH0220M13;Calatomus_carolinus;1;0;0;0;1;none
OH0220M13;Leptoscarus_vaigiensis;1;0;0;0;1;none
OH0220M13;Plectorhinchus_gibbus;0;1;0;0;1;Trap
OH0220M13;Acanthurus_spp;0;1;0;0;1;Trap
OH0220M13;Serranidae;0;1;0;0;1;Trap
OH0220M13;Mullidae;0;0;1;0;1;Trap
OH0220M13;Balistidae;0;1;0;0;1;Trap
OH0220M13;Mugilidae;1;0;0;0;1;none
OH0220M13;Belonidae;1;0;0;0;1;none
OH0220M13;Chirocentridae;1;0;0;0;1;none
OH0220M13;Sphyraenidae;1;0;0;0;1;none
OH0220M13;Caesionidae;1;0;0;0;1;none
OH0220M13;Sardinella_spp;1;0;0;0;1;none
OH0220M13;Anguilliformes;0;1;0;0;1;Trap
OH0220M13;Rhinobatidae;1;0;0;0;1;none
OH0220M13;Octopus;0;1;0;0;1;Trap
OH0220M13;Squids;1;0;0;0;1;none
OH0220M13;Crabs_Lobsters;1;0;0;0;1;none
OH0220M13;Snails;1;0;0;0;1;none
OH0220M14;Siganus_sutor;0;0;1;0;1;Trap
OH0220M14;Siganus_stellatus;0;1;0;0;1;Trap
OH0220M14;Lethrinus_lentjan;0;0;1;0;1;Handline
OH0220M14;Lethrinus_borbonicus;0;0;1;0;1;Handline
OH0220M14;Lethrinus_harak;0;0;1;0;1;Handline
OH0220M14;Lethrinus_variegatus;0;0;1;0;1;Handline
OH0220M14;Lethrinus_mahsena;0;0;1;0;1;Handline
OH0220M14;Monodactylus_argentus;0;0;1;0;1;Handline
OH0220M14;Lutjanus_fulviflamma;0;0;1;0;1;Handline
OH0220M14;Scarus_ghobban;0;0;1;0;1;Trap
OH0220M14;Hipposcarus_harid;0;0;1;0;1;Trap
OH0220M14;Calatomus_carolinus;0;0;1;0;1;Trap
OH0220M14;Leptoscarus_vaigiensis;0;0;1;0;1;Trap
OH0220M14;Plectorhinchus_gibbus;0;1;0;0;1;Trap
OH0220M14;Acanthurus_spp;0;0;1;0;1;Trap
OH0220M14;Serranidae;0;1;0;0;1;Trap
OH0220M14;Mullidae;0;0;1;0;1;Trap
OH0220M14;Balistidae;0;0;1;0;1;Trap
OH0220M14;Mugilidae;1;0;0;0;1;none
OH0220M14;Belonidae;0;1;0;0;1;Handline
OH0220M14;Chirocentridae;0;1;0;0;1;Handline
OH0220M14;Sphyraenidae;0;1;0;0;1;Handline
OH0220M14;Caesionidae;0;1;0;0;1;Handline
OH0220M14;Sardinella_spp;1;0;0;0;1;none
OH0220M14;Anguilliformes;1;0;0;0;1;none
OH0220M14;Rhinobatidae;1;0;0;0;1;none
OH0220M14;Octopus;0;1;0;0;1;Trap
OH0220M14;Squids;0;0;1;0;1;Handline
OH0220M14;Crabs_Lobsters;1;0;0;0;1;none
OH0220M14;Snails;1;0;0;0;1;none
OH0220M15;Siganus_sutor;0;1;0;0;1;Spear
OH0220M15;Siganus_stellatus;1;0;0;0;1;none
OH0220M15;Lethrinus_lentjan;0;1;0;0;1;Spear
OH0220M15;Lethrinus_borbonicus;1;0;0;0;1;none
OH0220M15;Lethrinus_harak;0;1;0;0;1;Spear
OH0220M15;Lethrinus_variegatus;1;0;0;0;1;none
OH0220M15;Lethrinus_mahsena;1;0;0;0;1;none
OH0220M15;Monodactylus_argentus;0;1;0;0;1;Spear
OH0220M15;Lutjanus_fulviflamma;0;1;0;0;1;Spear
OH0220M15;Scarus_ghobban;0;1;0;0;1;Spear
OH0220M15;Hipposcarus_harid;1;0;0;0;1;none
OH0220M15;Calatomus_carolinus;1;0;0;0;1;none
OH0220M15;Leptoscarus_vaigiensis;0;1;0;0;1;Spear
OH0220M15;Plectorhinchus_gibbus;0;1;0;0;1;Spear
OH0220M15;Acanthurus_spp;0;1;0;0;1;Spear
OH0220M15;Serranidae;0;1;0;0;1;Spear
OH0220M15;Mullidae;0;1;0;0;1;Spear
OH0220M15;Balistidae;0;1;0;0;1;Spear
OH0220M15;Mugilidae;1;0;0;0;1;none
OH0220M15;Belonidae;1;0;0;0;1;none
OH0220M15;Chirocentridae;1;0;0;0;1;none
OH0220M15;Sphyraenidae;1;0;0;0;1;none
OH0220M15;Caesionidae;1;0;0;0;1;none
OH0220M15;Sardinella_spp;1;0;0;0;1;none
OH0220M15;Anguilliformes;0;0;1;0;1;Spear
OH0220M15;Rhinobatidae;1;0;0;0;1;none
OH0220M15;Octopus;0;0;1;0;1;Spear
OH0220M15;Squids;0;0;1;0;1;Spear
OH0220M15;Crabs_Lobsters;0;0;1;0;1;Spear
OH0220M15;Snails;1;0;0;0;1;none
OH0221P16;Siganus_sutor;1;0;0;0;1;none
OH0221P16;Siganus_stellatus;1;0;0;0;1;none
OH0221P16;Lethrinus_lentjan;1;0;0;0;1;none
OH0221P16;Lethrinus_borbonicus;1;0;0;0;1;none
OH0221P16;Lethrinus_harak;1;0;0;0;1;none
OH0221P16;Lethrinus_variegatus;1;0;0;0;1;none
OH0221P16;Lethrinus_mahsena;1;0;0;0;1;none
OH0221P16;Monodactylus_argentus;1;0;0;0;1;none
OH0221P16;Lutjanus_fulviflamma;1;0;0;0;1;none
OH0221P16;Scarus_ghobban;1;0;0;0;1;none
OH0221P16;Hipposcarus_harid;1;0;0;0;1;none
OH0221P16;Calatomus_carolinus;1;0;0;0;1;none
OH0221P16;Leptoscarus_vaigiensis;1;0;0;0;1;none
OH0221P16;Plectorhinchus_gibbus;1;0;0;0;1;none
OH0221P16;Acanthurus_spp;1;0;0;0;1;none
OH0221P16;Serranidae;1;0;0;0;1;none
OH0221P16;Mullidae;1;0;0;0;1;none
OH0221P16;Balistidae;1;0;0;0;1;none
OH0221P16;Mugilidae;1;0;0;0;1;none
OH0221P16;Belonidae;1;0;0;0;1;none
OH0221P16;Chirocentridae;1;0;0;0;1;none
OH0221P16;Sphyraenidae;1;0;0;0;1;none
OH0221P16;Caesionidae;1;0;0;0;1;none
OH0221P16;Sardinella_spp;1;0;0;0;1;none
OH0221P16;Anguilliformes;0;1;0;0;1;Spear
OH0221P16;Rhinobatidae;1;0;0;0;1;none
OH0221P16;Octopus;0;0;1;0;1;Spear
OH0221P16;Squids;1;0;0;0;1;none
OH0221P16;Crabs_Lobsters;1;0;0;0;1;none
OH0221P16;Snails;1;0;0;0;1;none
OH0221P17;Siganus_sutor;0;0;1;0;1;Dragnet
OH0221P17;Siganus_stellatus;0;1;0;0;1;Dragnet
OH0221P17;Lethrinus_lentjan;0;1;0;0;1;Dragnet
OH0221P17;Lethrinus_borbonicus;1;0;0;0;1;none
OH0221P17;Lethrinus_harak;0;0;1;0;1;Dragnet
OH0221P17;Lethrinus_variegatus;1;0;0;0;1;none
OH0221P17;Lethrinus_mahsena;0;0;1;0;1;Dragnet
OH0221P17;Monodactylus_argentus;0;1;0;0;1;Dragnet
OH0221P17;Lutjanus_fulviflamma;0;0;1;0;1;Dragnet
OH0221P17;Scarus_ghobban;0;1;0;0;1;Dragnet
OH0221P17;Hipposcarus_harid;0;1;0;0;1;Dragnet
OH0221P17;Calatomus_carolinus;1;0;0;0;1;none
OH0221P17;Leptoscarus_vaigiensis;0;0;1;0;1;Dragnet
OH0221P17;Plectorhinchus_gibbus;1;0;0;0;1;none
OH0221P17;Acanthurus_spp;0;1;0;0;1;Dragnet
OH0221P17;Serranidae;1;0;0;0;1;none
OH0221P17;Mullidae;0;0;1;0;1;Dragnet
OH0221P17;Balistidae;0;0;1;0;1;Dragnet
OH0221P17;Mugilidae;0;1;0;0;1;Dragnet
OH0221P17;Belonidae;0;1;0;0;1;Dragnet
OH0221P17;Chirocentridae;0;1;0;0;1;Dragnet
OH0221P17;Sphyraenidae;1;0;0;0;1;none
OH0221P17;Caesionidae;1;0;0;0;1;none
OH0221P17;Sardinella_spp;1;0;0;0;1;none
OH0221P17;Anguilliformes;1;0;0;0;1;none
OH0221P17;Rhinobatidae;1;0;0;0;1;none
OH0221P17;Octopus;1;0;0;0;1;none
OH0221P17;Squids;0;1;0;0;1;Dragnet
OH0221P17;Crabs_Lobsters;1;0;0;0;1;none
OH0221P17;Snails;1;0;0;0;1;none
OH0221P18;Siganus_sutor;0;1;0;0;1;Dragnet
OH0221P18;Siganus_stellatus;0;1;0;0;1;Dragnet
OH0221P18;Lethrinus_lentjan;0;1;0;0;1;Dragnet
OH0221P18;Lethrinus_borbonicus;1;0;0;0;1;none
OH0221P18;Lethrinus_harak;0;0;1;0;1;Dragnet
OH0221P18;Lethrinus_variegatus;1;0;0;0;1;none
OH0221P18;Lethrinus_mahsena;0;0;1;0;1;Dragnet
OH0221P18;Monodactylus_argentus;1;0;0;0;1;none
OH0221P18;Lutjanus_fulviflamma;1;0;0;0;1;none
OH0221P18;Scarus_ghobban;1;0;0;0;1;none
OH0221P18;Hipposcarus_harid;1;0;0;0;1;none
OH0221P18;Calatomus_carolinus;1;0;0;0;1;none
OH0221P18;Leptoscarus_vaigiensis;1;0;0;0;1;none
OH0221P18;Plectorhinchus_gibbus;1;0;0;0;1;none
OH0221P18;Acanthurus_spp;1;0;0;0;1;none
OH0221P18;Serranidae;1;0;0;0;1;none
OH0221P18;Mullidae;0;0;1;0;1;Dragnet
OH0221P18;Balistidae;1;0;0;0;1;none
OH0221P18;Mugilidae;1;0;0;0;1;none
OH0221P18;Belonidae;0;0;1;0;1;Dragnet
OH0221P18;Chirocentridae;0;1;0;0;1;Dragnet
OH0221P18;Sphyraenidae;0;0;1;0;1;Dragnet
OH0221P18;Caesionidae;1;0;0;0;1;none
OH0221P18;Sardinella_spp;1;0;0;0;1;none
OH0221P18;Anguilliformes;1;0;0;0;1;none
OH0221P18;Rhinobatidae;1;0;0;0;1;none
OH0221P18;Octopus;1;0;0;0;1;none
OH0221P18;Squids;0;1;0;0;1;Floatnet
OH0221P18;Crabs_Lobsters;1;0;0;0;1;none
OH0221P18;Snails;1;0;0;0;1;none
OH0221P19;Siganus_sutor;0;0;1;0;1;Handline
OH0221P19;Siganus_stellatus;1;0;0;0;1;none
OH0221P19;Lethrinus_lentjan;0;0;1;0;1;Handline
OH0221P19;Lethrinus_borbonicus;0;0;1;0;1;Handline
OH0221P19;Lethrinus_harak;0;0;1;0;1;Handline
OH0221P19;Lethrinus_variegatus;0;0;1;0;1;Handline
OH0221P19;Lethrinus_mahsena;0;0;1;0;1;Handline
OH0221P19;Monodactylus_argentus;1;0;0;0;1;none
OH0221P19;Lutjanus_fulviflamma;0;0;1;0;1;Handline
OH0221P19;Scarus_ghobban;0;1;0;0;1;Handline
OH0221P19;Hipposcarus_harid;0;0;1;0;1;Handline
OH0221P19;Calatomus_carolinus;0;1;0;0;1;Handline
OH0221P19;Leptoscarus_vaigiensis;0;1;0;0;1;Handline
OH0221P19;Plectorhinchus_gibbus;0;1;0;0;1;Handline
OH0221P19;Acanthurus_spp;0;1;0;0;1;Handline
OH0221P19;Serranidae;0;0;1;0;1;Handline
OH0221P19;Mullidae;0;1;0;0;1;Handline
OH0221P19;Balistidae;0;0;1;0;1;Handline
OH0221P19;Mugilidae;1;0;0;0;1;none
OH0221P19;Belonidae;0;1;0;0;1;Handline
OH0221P19;Chirocentridae;0;1;0;0;1;Handline
OH0221P19;Sphyraenidae;0;1;0;0;1;Handline
OH0221P19;Caesionidae;1;0;0;0;1;none
OH0221P19;Sardinella_spp;1;0;0;0;1;none
OH0221P19;Anguilliformes;0;0;1;0;1;Handline
OH0221P19;Rhinobatidae;0;1;0;0;1;Handline
OH0221P19;Octopus;0;1;0;0;1;Handline
OH0221P19;Squids;0;0;1;0;1;Handline
OH0221P19;Crabs_Lobsters;1;0;0;0;1;none
OH0221P19;Snails;1;0;0;0;1;none
OH0221P20;Siganus_sutor;0;0;1;0;1;Trap
OH0221P20;Siganus_stellatus;0;1;0;0;1;Trap
OH0221P20;Lethrinus_lentjan;0;1;0;0;1;Handline
OH0221P20;Lethrinus_borbonicus;0;0;1;0;1;Handline
OH0221P20;Lethrinus_harak;0;1;0;0;1;Handline
OH0221P20;Lethrinus_variegatus;0;1;0;0;1;Handline
OH0221P20;Lethrinus_mahsena;0;1;0;0;1;Trap
OH0221P20;Monodactylus_argentus;1;0;0;0;1;none
OH0221P20;Lutjanus_fulviflamma;0;0;1;0;1;Trap
OH0221P20;Scarus_ghobban;0;0;1;0;1;Trap
OH0221P20;Hipposcarus_harid;0;0;1;0;1;Handline
OH0221P20;Calatomus_carolinus;1;0;0;0;1;none
OH0221P20;Leptoscarus_vaigiensis;0;0;1;0;1;Trap
OH0221P20;Plectorhinchus_gibbus;1;0;0;0;1;none
OH0221P20;Acanthurus_spp;0;1;0;0;1;Trap
OH0221P20;Serranidae;0;1;0;0;1;Trap
OH0221P20;Mullidae;0;1;0;0;1;Trap
OH0221P20;Balistidae;0;1;0;0;1;Handline
OH0221P20;Mugilidae;1;0;0;0;1;none
OH0221P20;Belonidae;0;1;0;0;1;Handline
OH0221P20;Chirocentridae;0;1;0;0;1;Handline
OH0221P20;Sphyraenidae;0;1;0;0;1;Handline
OH0221P20;Caesionidae;1;0;0;0;1;none
OH0221P20;Sardinella_spp;1;0;0;0;1;none
OH0221P20;Anguilliformes;0;1;0;0;1;Trap
OH0221P20;Rhinobatidae;1;0;0;0;1;none
OH0221P20;Octopus;0;1;0;0;1;Trap
OH0221P20;Squids;0;1;0;0;1;Handline
OH0221P20;Crabs_Lobsters;0;1;0;0;1;Trap
OH0221P20;Snails;1;0;0;0;1;none
NS0213U1;Siganus_sutor;1;0;0;1;2;
NS0213U1;Siganus_stellatus;1;0;0;0;1;
NS0213U1;Lethrinus_lentjan;1;0;0;0;1;
NS0213U1;Lethrinus_borbonicus;1;0;0;0;1;
NS0213U1;Lethrinus_harak;1;0;0;1;2;
NS0213U1;Lethrinus_variegatus;1;0;0;0;1;
NS0213U1;Lethrinus_mahsena;1;0;0;1;2;
NS0213U1;Monodactylus_argentus;1;0;0;1;2;
NS0213U1;Lutjanus_fulviflamma;1;0;0;0;1;
NS0213U1;Scarus_ghobban;1;0;0;0;1;
NS0213U1;Hipposcarus_harid;1;0;0;1;2;
NS0213U1;Calatomus_carolinus;1;0;0;0;1;
NS0213U1;Leptoscarus_vaigiensis;;;;;;
NS0213U1;Plectorhinchus_gibbus;1;0;0;0;1;
NS0213U1;Acanthurus_spp;1;0;0;0;1;
NS0213U1;Serranidae;1;0;0;0;1;
NS0213U1;Mullidae;1;0;0;1;2;
NS0213U1;Balistidae;1;0;0;0;1;
NS0213U1;Mugilidae;1;0;0;0;1;
NS0213U1;Belonidae;1;0;0;1;2;
NS0213U1;Chirocentridae;1;0;0;1;2;
NS0213U1;Sphyraenidae;1;0;0;1;2;
NS0213U1;Caesionidae;1;0;0;1;2;
NS0213U1;Sardinella_spp;1;0;0;0;1;
NS0213U1;Rhinobatidae;1;0;0;0;1;
NS0213U1;Octopus;1;0;0;0;1;
NS0213U1;Squids;1;0;0;1;2;
NS0213U1;Crabs_Lobsters;1;0;0;0;1;
NS0213U1;Snails;1;0;0;0;1;
NS0213U1;Taa_shambi;0;0;0;1;1;
NS0213U1;Kasa;0;1;0;0;1;
NS0213U1;Vibua;0;0;0;1;1;
NS0213U1;Kolekole;0;0;0;0;0;
NS0213U2;Siganus_sutor;0;0;0;0;0;
NS0213U2;Siganus_stellatus;0;1;0;0;1;
NS0213U2;Lethrinus_lentjan;0;1;0;0;1;
NS0213U2;Lethrinus_borbonicus;1;0;0;0;1;
NS0213U2;Lethrinus_harak;0;0;0;0;0;
NS0213U2;Lethrinus_variegatus;1;0;0;0;1;
NS0213U2;Lethrinus_mahsena;0;0;0;0;0;
NS0213U2;Monodactylus_argentus;0;0;0;0;0;
NS0213U2;Lutjanus_fulviflamma;0;1;0;0;1;
NS0213U2;Scarus_ghobban;0;1;0;0;1;
NS0213U2;Hipposcarus_harid;0;0;0;0;0;
NS0213U2;Calatomus_carolinus;1;0;0;0;1;
NS0213U2;Leptoscarus_vaigiensis;;;;;;
NS0213U2;Plectorhinchus_gibbus;1;0;0;0;1;
NS0213U2;Acanthurus_spp;0;1;0;0;1;
NS0213U2;Serranidae;1;0;0;0;1;
NS0213U2;Mullidae;0;0;0;0;0;
NS0213U2;Balistidae;1;0;0;0;1;
NS0213U2;Mugilidae;1;0;0;0;1;
NS0213U2;Belonidae;0;0;0;0;0;
NS0213U2;Chirocentridae;0;0;0;0;0;
NS0213U2;Sphyraenidae;0;0;0;0;0;
NS0213U2;Caesionidae;0;0;0;0;0;
NS0213U2;Sardinella_spp;1;0;0;0;1;
NS0213U2;Rhinobatidae;1;0;0;0;1;
NS0213U2;Octopus;0;1;0;0;1;
NS0213U2;Squids;0;0;0;0;0;
NS0213U2;Crabs_Lobsters;1;0;0;0;1;
NS0213U2;Snails;1;0;0;0;1;
NS0213U2;Taa_shambi;0;0;0;0;0;
NS0213U2;Kasa;0;0;0;0;0;
NS0213U2;Vibua;0;0;0;0;0;
NS0213U2;Kolekole;0;0;0;0;0;
NS0213U3;Siganus_sutor;0;0;0;1;1;
NS0213U3;Siganus_stellatus;1;0;0;0;1;
NS0213U3;Lethrinus_lentjan;0;1;0;0;1;
NS0213U3;Lethrinus_borbonicus;0;0;0;1;1;
NS0213U3;Lethrinus_harak;0;0;0;1;1;
NS0213U3;Lethrinus_variegatus;0;0;0;1;1;
NS0213U3;Lethrinus_mahsena;0;1;0;0;1;
NS0213U3;Monodactylus_argentus;1;0;0;0;1;
NS0213U3;Lutjanus_fulviflamma;0;1;0;0;1;
NS0213U3;Scarus_ghobban;0;1;0;0;1;
NS0213U3;Hipposcarus_harid;0;1;0;0;1;
NS0213U3;Calatomus_carolinus;1;0;0;0;1;
NS0213U3;Leptoscarus_vaigiensis;;;;;;
NS0213U3;Plectorhinchus_gibbus;1;0;0;0;1;
NS0213U3;Acanthurus_spp;0;1;0;0;1;
NS0213U3;Serranidae;0;1;0;0;1;
NS0213U3;Mullidae;0;0;0;1;1;
NS0213U3;Balistidae;0;1;0;0;1;
NS0213U3;Mugilidae;0;1;0;0;1;
NS0213U3;Belonidae;1;0;0;0;1;
NS0213U3;Chirocentridae;0;1;0;0;1;
NS0213U3;Sphyraenidae;0;1;0;0;1;
NS0213U3;Caesionidae;0;1;0;0;1;
NS0213U3;Sardinella_spp;1;0;0;0;1;
NS0213U3;Rhinobatidae;1;0;0;0;1;
NS0213U3;Octopus;1;0;0;0;1;
NS0213U3;Squids;0;0;0;1;1;
NS0213U3;Crabs_Lobsters;1;0;0;0;1;
NS0213U3;Snails;1;0;0;0;1;
NS0213U3;Taa_shambi;0;0;0;0;0;
NS0213U3;Kasa;0;0;0;0;0;
NS0213U3;Vibua;0;0;0;0;0;
NS0213U3;Kolekole;0;0;0;1;1;
NS0213U4;Siganus_sutor;1;0;0;0;1;
NS0213U4;Siganus_stellatus;1;0;0;0;1;
NS0213U4;Lethrinus_lentjan;0;1;0;0;1;
NS0213U4;Lethrinus_borbonicus;0;1;0;0;1;
NS0213U4;Lethrinus_harak;0;1;0;0;1;
NS0213U4;Lethrinus_variegatus;0;1;0;0;1;
NS0213U4;Lethrinus_mahsena;0;1;0;0;1;
NS0213U4;Monodactylus_argentus;0;1;0;0;1;
NS0213U4;Lutjanus_fulviflamma;0;1;0;0;1;
NS0213U4;Scarus_ghobban;0;1;0;0;1;
NS0213U4;Hipposcarus_harid;0;1;0;0;1;
NS0213U4;Calatomus_carolinus;1;0;0;0;1;
NS0213U4;Leptoscarus_vaigiensis;;;;;;
NS0213U4;Plectorhinchus_gibbus;1;0;0;0;1;
NS0213U4;Acanthurus_spp;0;1;0;0;1;
NS0213U4;Serranidae;0;1;0;0;1;
NS0213U4;Mullidae;0;1;0;0;1;
NS0213U4;Balistidae;0;1;0;0;1;
NS0213U4;Mugilidae;1;0;0;0;1;
NS0213U4;Belonidae;1;0;0;0;1;
NS0213U4;Chirocentridae;1;0;0;0;1;
NS0213U4;Sphyraenidae;1;0;0;0;1;
NS0213U4;Caesionidae;1;0;0;0;1;
NS0213U4;Sardinella_spp;1;0;0;0;1;
NS0213U4;Rhinobatidae;1;0;0;0;1;
NS0213U4;Octopus;0;0;0;1;1;
NS0213U4;Squids;0;0;0;1;1;
NS0213U4;Crabs_Lobsters;1;0;0;0;1;
NS0213U4;Snails;1;0;0;0;1;
NS0213U5;Siganus_sutor;1;0;0;0;1;none
NS0213U5;Siganus_stellatus;1;0;0;0;1;none
NS0213U5;Lethrinus_lentjan;0;1;0;0;1;Handline
NS0213U5;Lethrinus_borbonicus;0;1;0;0;1;Handline
NS0213U5;Lethrinus_harak;1;0;0;0;1;none
NS0213U5;Lethrinus_variegatus;0;0;1;0;1;Handline
NS0213U5;Lethrinus_mahsena;0;1;0;0;1;Handline
NS0213U5;Monodactylus_argentus;1;0;0;0;1;none
NS0213U5;Lutjanus_fulviflamma;0;1;0;0;1;Handline
NS0213U5;Scarus_ghobban;1;0;0;0;1;none
NS0213U5;Hipposcarus_harid;0;1;0;0;1;Handline
NS0213U5;Calatomus_carolinus;1;0;0;0;1;none
NS0213U5;Leptoscarus_vaigiensis;1;0;0;0;1;none
NS0213U5;Plectorhinchus_gibbus;1;0;0;0;1;none
NS0213U5;Acanthurus_spp;0;1;0;0;1;Handline
NS0213U5;Serranidae;0;1;0;0;1;Handline
NS0213U5;Mullidae;0;1;0;0;1;Handline
NS0213U5;Balistidae;0;0;1;0;1;Handline
NS0213U5;Mugilidae;1;0;0;0;1;none
NS0213U5;Belonidae;1;0;0;0;1;none
NS0213U5;Chirocentridae;1;0;0;0;1;none
NS0213U5;Sphyraenidae;1;0;0;0;1;none
NS0213U5;Caesionidae;0;1;0;0;1;Handline
NS0213U5;Sardinella_spp;1;0;0;0;1;none
NS0213U5;Anguilliformes;1;0;0;0;1;none
NS0213U5;Rhinobatidae;0;1;0;0;1;Handline
NS0213U5;Octopus;0;1;0;0;1;Handline
NS0213U5;Squids;0;1;0;0;1;Handline
NS0213U5;Crabs_Lobsters;1;0;0;0;1;none
NS0213U5;Snails;1;0;0;0;1;none
NS0214C6;Siganus_sutor;0;1;0;0;1;Dragnet
NS0214C6;Siganus_stellatus;0;1;0;0;1;Dragnet
NS0214C6;Lethrinus_lentjan;0;1;0;0;1;Dragnet
NS0214C6;Lethrinus_borbonicus;0;1;0;0;1;Dragnet
NS0214C6;Lethrinus_harak;0;1;0;0;1;Dragnet
NS0214C6;Lethrinus_variegatus;1;0;0;0;1;none
NS0214C6;Lethrinus_mahsena;0;1;0;0;1;Dragnet
NS0214C6;Monodactylus_argentus;0;1;0;0;1;Dragnet
NS0214C6;Lutjanus_fulviflamma;0;1;0;0;1;Dragnet
NS0214C6;Scarus_ghobban;0;1;0;0;1;Dragnet
NS0214C6;Hipposcarus_harid;0;1;0;0;1;Dragnet
NS0214C6;Calatomus_carolinus;1;0;0;0;1;none
NS0214C6;Leptoscarus_vaigiensis;0;1;0;0;1;Dragnet
NS0214C6;Plectorhinchus_gibbus;0;1;0;0;1;Dragnet
NS0214C6;Acanthurus_spp;0;1;0;0;1;Dragnet
NS0214C6;Serranidae;1;0;0;0;1;none
NS0214C6;Mullidae;0;1;0;0;1;Dragnet
NS0214C6;Balistidae;1;0;0;0;1;none
NS0214C6;Mugilidae;1;0;0;0;1;none
NS0214C6;Belonidae;1;0;0;0;1;none
NS0214C6;Chirocentridae;0;1;0;0;1;Dragnet
NS0214C6;Sphyraenidae;0;1;0;0;1;Dragnet
NS0214C6;Caesionidae;0;1;0;0;1;Dragnet
NS0214C6;Sardinella_spp;1;0;0;0;1;none
NS0214C6;Anguilliformes;1;0;0;0;1;none
NS0214C6;Rhinobatidae;1;0;0;0;1;none
NS0214C6;Octopus;1;0;0;0;1;none
NS0214C6;Squids;0;1;0;0;1;Dragnet
NS0214C6;Crabs_Lobsters;1;0;0;0;1;none
NS0214C6;Snails;1;0;0;0;1;none
NS0214C7;Siganus_sutor;0;1;0;0;1;Dragnet
NS0214C7;Siganus_stellatus;1;0;0;0;1;none
NS0214C7;Lethrinus_lentjan;0;0;1;0;1;Dragnet
NS0214C7;Lethrinus_borbonicus;0;1;0;0;1;Dragnet
NS0214C7;Lethrinus_harak;0;0;1;0;1;Dragnet
NS0214C7;Lethrinus_variegatus;1;0;0;0;1;none
NS0214C7;Lethrinus_mahsena;0;1;0;0;1;Dragnet
NS0214C7;Monodactylus_argentus;1;0;0;0;1;none
NS0214C7;Lutjanus_fulviflamma;0;1;0;0;1;Dragnet
NS0214C7;Scarus_ghobban;0;1;0;0;1;Dragnet
NS0214C7;Hipposcarus_harid;0;1;0;0;1;Dragnet
NS0214C7;Calatomus_carolinus;0;1;0;0;1;Dragnet
NS0214C7;Leptoscarus_vaigiensis;0;1;0;0;1;Dragnet
NS0214C7;Plectorhinchus_gibbus;0;1;0;0;1;Dragnet
NS0214C7;Acanthurus_spp;0;1;0;0;1;Dragnet
NS0214C7;Serranidae;0;1;0;0;1;Dragnet
NS0214C7;Mullidae;0;1;0;0;1;Dragnet
NS0214C7;Balistidae;0;1;0;0;1;Dragnet
NS0214C7;Mugilidae;1;0;0;0;1;none
NS0214C7;Belonidae;1;0;0;0;1;none
NS0214C7;Chirocentridae;0;1;0;0;1;Dragnet
NS0214C7;Sphyraenidae;0;1;0;0;1;Dragnet
NS0214C7;Caesionidae;0;1;0;0;1;Dragnet
NS0214C7;Sardinella_spp;0;1;0;0;1;Dragnet
NS0214C7;Anguilliformes;0;0;1;0;1;Dragnet
NS0214C7;Rhinobatidae;0;1;0;0;1;Dragnet
NS0214C7;Octopus;1;0;0;0;1;none
NS0214C7;Squids;0;1;0;0;1;Dragnet
NS0214C7;Crabs_Lobsters;1;0;0;0;1;none
NS0214C7;Snails;1;0;0;0;1;none
NS0214C8;Siganus_sutor;1;0;0;0;1;none
NS0214C8;Siganus_stellatus;1;0;0;0;1;none
NS0214C8;Lethrinus_lentjan;1;0;0;0;1;none
NS0214C8;Lethrinus_borbonicus;1;0;0;0;1;none
NS0214C8;Lethrinus_harak;1;0;0;0;1;none
NS0214C8;Lethrinus_variegatus;1;0;0;0;1;none
NS0214C8;Lethrinus_mahsena;1;0;0;0;1;none
NS0214C8;Monodactylus_argentus;1;0;0;0;1;none
NS0214C8;Lutjanus_fulviflamma;1;0;0;0;1;none
NS0214C8;Scarus_ghobban;1;0;0;0;1;none
NS0214C8;Hipposcarus_harid;1;0;0;0;1;none
NS0214C8;Calatomus_carolinus;1;0;0;0;1;none
NS0214C8;Leptoscarus_vaigiensis;1;0;0;0;1;none
NS0214C8;Plectorhinchus_gibbus;1;0;0;0;1;none
NS0214C8;Acanthurus_spp;1;0;0;0;1;none
NS0214C8;Serranidae;1;0;0;0;1;none
NS0214C8;Mullidae;1;0;0;0;1;none
NS0214C8;Balistidae;1;0;0;0;1;none
NS0214C8;Mugilidae;1;0;0;0;1;none
NS0214C8;Belonidae;1;0;0;0;1;none
NS0214C8;Chirocentridae;1;0;0;0;1;none
NS0214C8;Sphyraenidae;1;0;0;0;1;none
NS0214C8;Caesionidae;1;0;0;0;1;none
NS0214C8;Sardinella_spp;1;0;0;0;1;none
NS0214C8;Anguilliformes;1;0;0;0;1;none
NS0214C8;Rhinobatidae;1;0;0;0;1;none
NS0214C8;Octopus;1;0;0;0;1;none
NS0214C8;Squids;0;0;1;0;1;Handline
NS0214C8;Crabs_Lobsters;1;0;0;0;1;none
NS0214C8;Snails;1;0;0;0;1;none
NS0214C9;Siganus_sutor;0;0;1;0;1;Dragnet
NS0214C9;Siganus_stellatus;0;1;0;0;1;Dragnet
NS0214C9;Lethrinus_lentjan;0;1;0;0;1;Dragnet
NS0214C9;Lethrinus_borbonicus;0;0;1;0;1;Dragnet
NS0214C9;Lethrinus_harak;0;0;1;0;1;Dragnet
NS0214C9;Lethrinus_variegatus;0;1;0;0;1;Dragnet
NS0214C9;Lethrinus_mahsena;0;1;0;0;1;Dragnet
NS0214C9;Monodactylus_argentus;0;1;0;0;1;Dragnet
NS0214C9;Lutjanus_fulviflamma;0;1;0;0;1;Dragnet
NS0214C9;Scarus_ghobban;0;1;0;0;1;Dragnet
NS0214C9;Hipposcarus_harid;0;1;0;0;1;Dragnet
NS0214C9;Calatomus_carolinus;1;0;0;0;1;none
NS0214C9;Leptoscarus_vaigiensis;1;0;0;0;1;none
NS0214C9;Plectorhinchus_gibbus;1;0;0;0;1;none
NS0214C9;Acanthurus_spp;0;1;0;0;1;Dragnet
NS0214C9;Serranidae;1;0;0;0;1;none
NS0214C9;Mullidae;0;1;0;0;1;Dragnet
NS0214C9;Balistidae;1;0;0;0;1;none
NS0214C9;Mugilidae;1;0;0;0;1;none
NS0214C9;Belonidae;0;1;0;0;1;Dragnet
NS0214C9;Chirocentridae;0;0;1;0;1;Dragnet
NS0214C9;Sphyraenidae;0;1;0;0;1;Dragnet
NS0214C9;Caesionidae;0;1;0;0;1;Dragnet
NS0214C9;Sardinella_spp;1;0;0;0;1;none
NS0214C9;Anguilliformes;1;0;0;0;1;none
NS0214C9;Rhinobatidae;1;0;0;0;1;none
NS0214C9;Octopus;1;0;0;0;1;none
NS0214C9;Squids;0;1;0;0;1;Dragnet
NS0214C9;Crabs_Lobsters;1;0;0;0;1;none
NS0214C9;Snails;1;0;0;0;1;none
NS0214C10;Siganus_sutor;1;0;0;0;1;none
NS0214C10;Siganus_stellatus;1;0;0;0;1;none
NS0214C10;Lethrinus_lentjan;1;0;0;0;1;none
NS0214C10;Lethrinus_borbonicus;1;0;0;0;1;none
NS0214C10;Lethrinus_harak;1;0;0;0;1;none
NS0214C10;Lethrinus_variegatus;1;0;0;0;1;none
NS0214C10;Lethrinus_mahsena;1;0;0;0;1;none
NS0214C10;Monodactylus_argentus;1;0;0;0;1;none
NS0214C10;Lutjanus_fulviflamma;1;0;0;0;1;none
NS0214C10;Scarus_ghobban;1;0;0;0;1;none
NS0214C10;Hipposcarus_harid;1;0;0;0;1;none
NS0214C10;Calatomus_carolinus;1;0;0;0;1;none
NS0214C10;Leptoscarus_vaigiensis;1;0;0;0;1;none
NS0214C10;Plectorhinchus_gibbus;1;0;0;0;1;none
NS0214C10;Acanthurus_spp;1;0;0;0;1;none
NS0214C10;Serranidae;0;1;0;0;1;Spear
NS0214C10;Mullidae;1;0;0;0;1;none
NS0214C10;Balistidae;0;1;0;0;1;Spear
NS0214C10;Mugilidae;1;0;0;0;1;none
NS0214C10;Belonidae;1;0;0;0;1;none
NS0214C10;Chirocentridae;1;0;0;0;1;none
NS0214C10;Sphyraenidae;1;0;0;0;1;none
NS0214C10;Caesionidae;1;0;0;0;1;none
NS0214C10;Sardinella_spp;1;0;0;0;1;none
NS0214C10;Anguilliformes;0;1;0;0;1;Spear
NS0214C10;Rhinobatidae;1;0;0;0;1;none
NS0214C10;Octopus;0;0;1;0;1;Spear
NS0214C10;Squids;0;1;0;0;1;Spear
NS0214C10;Crabs_Lobsters;0;0;1;0;1;Spear
NS0214C10;Snails;1;0;0;0;1;none
NS0220M11;Siganus_sutor;1;0;0;0;1;none
NS0220M11;Siganus_stellatus;1;0;0;0;1;none
NS0220M11;Lethrinus_lentjan;1;0;0;0;1;none
NS0220M11;Lethrinus_borbonicus;1;0;0;0;1;none
NS0220M11;Lethrinus_harak;1;0;0;0;1;none
NS0220M11;Lethrinus_variegatus;1;0;0;0;1;none
NS0220M11;Lethrinus_mahsena;1;0;0;0;1;none
NS0220M11;Monodactylus_argentus;1;0;0;0;1;none
NS0220M11;Lutjanus_fulviflamma;1;0;0;0;1;none
NS0220M11;Scarus_ghobban;1;0;0;0;1;none
NS0220M11;Hipposcarus_harid;1;0;0;0;1;none
NS0220M11;Calatomus_carolinus;1;0;0;0;1;none
NS0220M11;Leptoscarus_vaigiensis;1;0;0;0;1;none
NS0220M11;Plectorhinchus_gibbus;1;0;0;0;1;none
NS0220M11;Acanthurus_spp;1;0;0;0;1;none
NS0220M11;Serranidae;1;0;0;0;1;none
NS0220M11;Mullidae;1;0;0;0;1;none
NS0220M11;Balistidae;1;0;0;0;1;none
NS0220M11;Mugilidae;1;0;0;0;1;none
NS0220M11;Belonidae;1;0;0;0;1;none
NS0220M11;Chirocentridae;1;0;0;0;1;none
NS0220M11;Sphyraenidae;1;0;0;0;1;none
NS0220M11;Caesionidae;1;0;0;0;1;none
NS0220M11;Sardinella_spp;1;0;0;0;1;none
NS0220M11;Anguilliformes;0;0;1;0;1;S
NS0220M11;Rhinobatidae;1;0;0;0;1;none
NS0220M11;Octopus;0;0;1;0;1;S
NS0220M11;Squids;0;0;1;0;1;S
NS0220M11;Crabs_Lobsters;0;0;1;0;1;S
NS0220M11;Snails;0;0;1;0;1;S
NS0220M12;Siganus_sutor;0;0;1;0;1;Handline
NS0220M12;Siganus_stellatus;1;0;0;0;1;none
NS0220M12;Lethrinus_lentjan;0;1;0;0;1;Handline
NS0220M12;Lethrinus_borbonicus;0;1;0;0;1;Handline
NS0220M12;Lethrinus_harak;0;1;0;0;1;Handline
NS0220M12;Lethrinus_variegatus;0;1;0;0;1;Handline
NS0220M12;Lethrinus_mahsena;0;1;0;0;1;Handline
NS0220M12;Monodactylus_argentus;1;0;0;0;1;none
NS0220M12;Lutjanus_fulviflamma;0;1;0;0;1;Handline
NS0220M12;Scarus_ghobban;1;0;0;0;1;none
NS0220M12;Hipposcarus_harid;0;1;0;0;1;Handline
NS0220M12;Calatomus_carolinus;1;0;0;0;1;none
NS0220M12;Leptoscarus_vaigiensis;1;0;0;0;1;none
NS0220M12;Plectorhinchus_gibbus;1;0;0;0;1;none
NS0220M12;Acanthurus_spp;1;0;0;0;1;none
NS0220M12;Serranidae;1;0;0;0;1;none
NS0220M12;Mullidae;1;0;0;0;1;none
NS0220M12;Balistidae;0;1;0;0;1;Handline
NS0220M12;Mugilidae;1;0;0;0;1;none
NS0220M12;Belonidae;1;0;0;0;1;none
NS0220M12;Chirocentridae;0;1;0;0;1;Handline
NS0220M12;Sphyraenidae;1;0;0;0;1;none
NS0220M12;Caesionidae;1;0;0;0;1;none
NS0220M12;Sardinella_spp;1;0;0;0;1;none
NS0220M12;Anguilliformes;1;0;0;0;1;none
NS0220M12;Rhinobatidae;1;0;0;0;1;none
NS0220M12;Octopus;1;0;0;0;1;none
NS0220M12;Squids;0;1;0;0;1;Handline
NS0220M12;Crabs_Lobsters;1;0;0;0;1;none
NS0220M12;Snails;1;0;0;0;1;none
NS0220M13;Siganus_sutor;0;0;1;0;1;Trap
NS0220M13;Siganus_stellatus;0;1;0;0;1;Trap
NS0220M13;Lethrinus_lentjan;0;0;1;0;1;Trap
NS0220M13;Lethrinus_borbonicus;0;1;0;0;1;Trap
NS0220M13;Lethrinus_harak;0;0;1;0;1;Trap
NS0220M13;Lethrinus_variegatus;1;0;0;0;1;none
NS0220M13;Lethrinus_mahsena;0;0;1;0;1;Trap
NS0220M13;Monodactylus_argentus;1;0;0;0;1;none
NS0220M13;Lutjanus_fulviflamma;0;1;0;0;1;Trap
NS0220M13;Scarus_ghobban;0;0;1;0;1;Trap
NS0220M13;Hipposcarus_harid;0;0;1;0;1;Trap
NS0220M13;Calatomus_carolinus;1;0;0;0;1;none
NS0220M13;Leptoscarus_vaigiensis;0;0;1;0;1;Trap
NS0220M13;Plectorhinchus_gibbus;1;0;0;0;1;none
NS0220M13;Acanthurus_spp;0;1;0;0;1;Trap
NS0220M13;Serranidae;0;1;0;0;1;Trap
NS0220M13;Mullidae;0;0;1;0;1;Trap
NS0220M13;Balistidae;0;1;0;0;1;Trap
NS0220M13;Mugilidae;0;0;1;0;1;Gillnet
NS0220M13;Belonidae;0;0;1;0;1;Gillnet
NS0220M13;Chirocentridae;1;0;0;0;1;none
NS0220M13;Sphyraenidae;1;0;0;0;1;none
NS0220M13;Caesionidae;0;0;1;0;1;Trap
NS0220M13;Sardinella_spp;1;0;0;0;1;none
NS0220M13;Anguilliformes;0;0;1;0;1;Trap
NS0220M13;Rhinobatidae;0;0;1;0;1;Gillnet
NS0220M13;Octopus;0;1;0;0;1;Trap
NS0220M13;Squids;0;1;0;0;1;Trap
NS0220M13;Crabs_Lobsters;0;1;0;0;1;Trap
NS0220M13;Snails;1;0;0;0;1;none
NS0220M14;Siganus_sutor;0;0;1;0;1;Trap
NS0220M14;Siganus_stellatus;0;1;0;0;1;Trap
NS0220M14;Lethrinus_lentjan;0;0;1;0;1;Trap
NS0220M14;Lethrinus_borbonicus;1;0;0;0;1;
NS0220M14;Lethrinus_harak;0;1;0;0;1;Trap
NS0220M14;Lethrinus_variegatus;1;0;0;0;1;
NS0220M14;Lethrinus_mahsena;0;0;1;0;1;Trap
NS0220M14;Monodactylus_argentus;1;0;0;0;1;
NS0220M14;Lutjanus_fulviflamma;1;0;0;0;1;
NS0220M14;Scarus_ghobban;0;0;1;0;1;Trap
NS0220M14;Hipposcarus_harid;0;0;1;0;1;Trap
NS0220M14;Calatomus_carolinus;1;0;0;0;1;
NS0220M14;Leptoscarus_vaigiensis;1;0;0;0;1;
NS0220M14;Plectorhinchus_gibbus;0;1;0;0;1;Trap
NS0220M14;Acanthurus_spp;0;1;0;0;1;Trap
NS0220M14;Serranidae;0;1;0;0;1;Trap
NS0220M14;Mullidae;0;1;0;0;1;Trap
NS0220M14;Balistidae;0;1;0;0;1;Trap
NS0220M14;Mugilidae;1;0;0;0;1;
NS0220M14;Belonidae;1;0;0;0;1;
NS0220M14;Chirocentridae;1;0;0;0;1;
NS0220M14;Sphyraenidae;1;0;0;0;1;
NS0220M14;Caesionidae;1;0;0;0;1;
NS0220M14;Sardinella_spp;1;0;0;0;1;
NS0220M14;Anguilliformes;0;1;0;0;1;Trap
NS0220M14;Rhinobatidae;1;0;0;0;1;
NS0220M14;Octopus;0;1;0;0;1;Trap
NS0220M14;Squids;0;1;0;0;1;Trap
NS0220M14;Crabs_Lobsters;1;0;0;0;1;
NS0220M14;Snails;1;0;0;0;1;
NS0220M15;Siganus_sutor;0;0;1;0;1;Trap
NS0220M15;Siganus_stellatus;0;1;0;0;1;Trap
NS0220M15;Lethrinus_lentjan;0;0;1;0;1;Trap
NS0220M15;Lethrinus_borbonicus;0;1;0;0;1;Trap
NS0220M15;Lethrinus_harak;0;1;0;0;1;Trap
NS0220M15;Lethrinus_variegatus;0;1;0;0;1;Trap
NS0220M15;Lethrinus_mahsena;0;0;1;0;1;Trap
NS0220M15;Monodactylus_argentus;1;0;0;0;1;none
NS0220M15;Lutjanus_fulviflamma;0;0;1;0;1;Trap
NS0220M15;Scarus_ghobban;0;0;1;0;1;Trap
NS0220M15;Hipposcarus_harid;0;0;1;0;1;Trap
NS0220M15;Calatomus_carolinus;1;0;0;0;1;none
NS0220M15;Leptoscarus_vaigiensis;0;0;1;0;1;Trap
NS0220M15;Plectorhinchus_gibbus;0;0;1;0;1;Trap
NS0220M15;Acanthurus_spp;0;0;1;0;1;Trap
NS0220M15;Serranidae;0;1;0;0;1;Trap
NS0220M15;Mullidae;0;1;0;0;1;Trap
NS0220M15;Balistidae;0;0;1;0;1;Trap
NS0220M15;Mugilidae;1;0;0;0;1;none
NS0220M15;Belonidae;1;0;0;0;1;none
NS0220M15;Chirocentridae;1;0;0;0;1;none
NS0220M15;Sphyraenidae;1;0;0;0;1;none
NS0220M15;Caesionidae;1;0;0;0;1;none
NS0220M15;Sardinella_spp;1;0;0;0;1;none
NS0220M15;Anguilliformes;1;0;0;0;1;none
NS0220M15;Rhinobatidae;1;0;0;0;1;none
NS0220M15;Octopus;0;1;0;0;1;Trap
NS0220M15;Squids;0;1;0;0;1;Trap
NS0220M15;Crabs_Lobsters;0;1;0;0;1;Trap
NS0220M15;Snails;0;1;0;0;1;Trap
NS0221P16;Siganus_sutor;0;0;1;0;1;Handline
NS0221P16;Siganus_stellatus;1;0;0;0;1;none
NS0221P16;Lethrinus_lentjan;1;0;0;0;1;none
NS0221P16;Lethrinus_borbonicus;0;1;0;0;1;Handline
NS0221P16;Lethrinus_harak;0;1;0;0;1;Handline
NS0221P16;Lethrinus_variegatus;0;1;0;0;1;Handline
NS0221P16;Lethrinus_mahsena;0;1;0;0;1;Handline
NS0221P16;Monodactylus_argentus;1;0;0;0;1;none
NS0221P16;Lutjanus_fulviflamma;1;0;0;0;1;none
NS0221P16;Scarus_ghobban;1;0;0;0;1;none
NS0221P16;Hipposcarus_harid;1;0;0;0;1;none
NS0221P16;Calatomus_carolinus;1;0;0;0;1;none
NS0221P16;Leptoscarus_vaigiensis;1;0;0;0;1;none
NS0221P16;Plectorhinchus_gibbus;1;0;0;0;1;none
NS0221P16;Acanthurus_spp;1;0;0;0;1;none
NS0221P16;Serranidae;1;0;0;0;1;none
NS0221P16;Mullidae;1;0;0;0;1;none
NS0221P16;Balistidae;0;1;0;0;1;Handline
NS0221P16;Mugilidae;1;0;0;0;1;none
NS0221P16;Belonidae;1;0;0;0;1;none
NS0221P16;Chirocentridae;1;0;0;0;1;none
NS0221P16;Sphyraenidae;1;0;0;0;1;none
NS0221P16;Caesionidae;1;0;0;0;1;none
NS0221P16;Sardinella_spp;1;0;0;0;1;none
NS0221P16;Anguilliformes;0;1;0;0;1;Spear
NS0221P16;Rhinobatidae;1;0;0;0;1;none
NS0221P16;Octopus;0;0;1;0;1;Spear
NS0221P16;Squids;1;0;0;0;1;none
NS0221P16;Crabs_Lobsters;0;1;0;0;1;Spear
NS0221P16;Snails;0;1;0;0;1;FootFisher
NS0221P17;Siganus_sutor;0;0;1;0;1;Handline
NS0221P17;Siganus_stellatus;0;1;0;0;1;Trap
NS0221P17;Lethrinus_lentjan;0;0;1;0;1;Dragnet
NS0221P17;Lethrinus_borbonicus;0;0;1;0;1;Handline
NS0221P17;Lethrinus_harak;0;0;1;0;1;Dragnet
NS0221P17;Lethrinus_variegatus;1;0;0;0;1;none
NS0221P17;Lethrinus_mahsena;0;0;1;0;1;Dragnet/Trap/Handline
NS0221P17;Monodactylus_argentus;0;0;1;0;1;Dragnet
NS0221P17;Lutjanus_fulviflamma;0;0;1;0;1;Handline
NS0221P17;Scarus_ghobban;0;0;1;0;1;Trap
NS0221P17;Hipposcarus_harid;0;1;0;0;1;Handline
NS0221P17;Calatomus_carolinus;1;0;0;0;1;none
NS0221P17;Leptoscarus_vaigiensis;0;0;1;0;1;Trap
NS0221P17;Plectorhinchus_gibbus;0;1;0;0;1;Trap
NS0221P17;Acanthurus_spp;0;0;1;0;1;Dragnet/Trap
NS0221P17;Serranidae;0;1;0;0;1;Handline
NS0221P17;Mullidae;0;0;1;0;1;Trap
NS0221P17;Balistidae;0;0;1;0;1;Handline
NS0221P17;Mugilidae;0;0;1;0;1;Dragnet
NS0221P17;Belonidae;0;1;0;0;1;Dragnet
NS0221P17;Chirocentridae;0;0;1;0;1;Dragnet/Handline
NS0221P17;Sphyraenidae;0;0;1;0;1;Dragnet
NS0221P17;Caesionidae;0;1;0;0;1;Dragnet
NS0221P17;Sardinella_spp;1;0;0;0;1;none
NS0221P17;Anguilliformes;0;1;0;0;1;Trap
NS0221P17;Rhinobatidae;1;0;0;0;1;none
NS0221P17;Octopus;0;0;1;0;1;Spear
NS0221P17;Squids;0;0;1;0;1;Handline
NS0221P17;Crabs_Lobsters;1;0;0;0;1;none
NS0221P17;Snails;1;0;0;0;1;none
NS0221P18;Siganus_sutor;0;0;1;0;1;Handline
NS0221P18;Siganus_stellatus;0;1;0;0;1;Handline
NS0221P18;Lethrinus_lentjan;0;0;1;0;1;Longline
NS0221P18;Lethrinus_borbonicus;0;1;0;0;1;Handline
NS0221P18;Lethrinus_harak;0;1;0;0;1;Longline
NS0221P18;Lethrinus_variegatus;0;1;0;0;1;Handline
NS0221P18;Lethrinus_mahsena;0;1;0;0;1;Handline
NS0221P18;Monodactylus_argentus;1;0;0;0;1;none
NS0221P18;Lutjanus_fulviflamma;0;1;0;0;1;Handline
NS0221P18;Scarus_ghobban;1;0;0;0;1;none
NS0221P18;Hipposcarus_harid;1;0;0;0;1;none
NS0221P18;Calatomus_carolinus;1;0;0;0;1;none
NS0221P18;Leptoscarus_vaigiensis;1;0;0;0;1;none
NS0221P18;Plectorhinchus_gibbus;0;1;0;0;1;Longline
NS0221P18;Acanthurus_spp;1;0;0;0;1;none
NS0221P18;Serranidae;0;0;1;0;1;Longline
NS0221P18;Mullidae;1;0;0;0;1;none
NS0221P18;Balistidae;1;0;0;0;1;none
NS0221P18;Mugilidae;1;0;0;0;1;none
NS0221P18;Belonidae;1;0;0;0;1;none
NS0221P18;Chirocentridae;1;0;0;0;1;none
NS0221P18;Sphyraenidae;1;0;0;0;1;none
NS0221P18;Caesionidae;1;0;0;0;1;none
NS0221P18;Sardinella_spp;1;0;0;0;1;none
NS0221P18;Anguilliformes;0;1;0;0;1;Longline
NS0221P18;Rhinobatidae;0;1;0;0;1;Longline
NS0221P18;Octopus;1;0;0;0;1;none
NS0221P18;Squids;0;1;0;0;1;Longline/Handline
NS0221P18;Crabs_Lobsters;1;0;0;0;1;none
NS0221P18;Snails;1;0;0;0;1;none
NS0221P19;Siganus_sutor;1;0;0;0;1;none
NS0221P19;Siganus_stellatus;1;0;0;0;1;none
NS0221P19;Lethrinus_lentjan;0;0;1;0;1;Trap
NS0221P19;Lethrinus_borbonicus;0;0;1;0;1;Trap
NS0221P19;Lethrinus_harak;0;0;1;0;1;Trap
NS0221P19;Lethrinus_variegatus;0;0;1;0;1;Trap
NS0221P19;Lethrinus_mahsena;0;0;1;0;1;Trap
NS0221P19;Monodactylus_argentus;1;0;0;0;1;none
NS0221P19;Lutjanus_fulviflamma;0;0;1;0;1;Trap
NS0221P19;Scarus_ghobban;0;1;0;0;1;Trap
NS0221P19;Hipposcarus_harid;1;0;0;0;1;none
NS0221P19;Calatomus_carolinus;1;0;0;0;1;none
NS0221P19;Leptoscarus_vaigiensis;1;0;0;0;1;none
NS0221P19;Plectorhinchus_gibbus;1;0;0;0;1;none
NS0221P19;Acanthurus_spp;1;0;0;0;1;none
NS0221P19;Serranidae;0;1;0;0;1;Trap
NS0221P19;Mullidae;0;1;0;0;1;Trap
NS0221P19;Balistidae;1;0;0;0;1;none
NS0221P19;Mugilidae;1;0;0;0;1;none
NS0221P19;Belonidae;1;0;0;0;1;none
NS0221P19;Chirocentridae;1;0;0;0;1;none
NS0221P19;Sphyraenidae;1;0;0;0;1;none
NS0221P19;Caesionidae;1;0;0;0;1;none
NS0221P19;Sardinella_spp;1;0;0;0;1;none
NS0221P19;Anguilliformes;1;0;0;0;1;none
NS0221P19;Rhinobatidae;1;0;0;0;1;none
NS0221P19;Octopus;1;0;0;0;1;none
NS0221P19;Squids;1;0;0;0;1;none
NS0221P19;Crabs_Lobsters;1;0;0;0;1;none
NS0221P19;Snails;1;0;0;0;1;none
NS0221P20;Siganus_sutor;0;0;1;0;1;Handline
NS0221P20;Siganus_stellatus;0;1;0;0;1;Handline
NS0221P20;Lethrinus_lentjan;0;1;0;0;1;Handline
NS0221P20;Lethrinus_borbonicus;0;0;1;0;1;Handline
NS0221P20;Lethrinus_harak;0;1;0;0;1;Handline
NS0221P20;Lethrinus_variegatus;0;0;1;0;1;Handline
NS0221P20;Lethrinus_mahsena;0;1;0;0;1;Handline
NS0221P20;Monodactylus_argentus;1;0;0;0;1;none
NS0221P20;Lutjanus_fulviflamma;0;1;0;0;1;Handline
NS0221P20;Scarus_ghobban;1;0;0;0;1;none
NS0221P20;Hipposcarus_harid;0;1;0;0;1;Handline
NS0221P20;Calatomus_carolinus;1;0;0;0;1;none
NS0221P20;Leptoscarus_vaigiensis;1;0;0;0;1;none
NS0221P20;Plectorhinchus_gibbus;1;0;0;0;1;none
NS0221P20;Acanthurus_spp;0;1;0;0;1;Handline
NS0221P20;Serranidae;0;1;0;0;1;Handline
NS0221P20;Mullidae;1;0;0;0;1;none
NS0221P20;Balistidae;0;1;0;0;1;Handline
NS0221P20;Mugilidae;1;0;0;0;1;none
NS0221P20;Belonidae;0;1;0;0;1;Handline
NS0221P20;Chirocentridae;0;1;0;0;1;Handline
NS0221P20;Sphyraenidae;1;0;0;0;1;none
NS0221P20;Caesionidae;1;0;0;0;1;none
NS0221P20;Sardinella_spp;1;0;0;0;1;none
NS0221P20;Anguilliformes;1;0;0;0;1;none
NS0221P20;Rhinobatidae;1;0;0;0;1;none
NS0221P20;Octopus;0;1;0;0;1;Handline
NS0221P20;Squids;0;0;1;0;1;Handline
NS0221P20;Crabs_Lobsters;1;0;0;0;1;none
NS0221P20;Snails;1;0;0;0;1;none
HK0213U1;Siganus_sutor;1;0;0;0;1;none
HK0213U1;Siganus_stellatus;1;0;0;0;1;none
HK0213U1;Lethrinus_lentjan;0;0;1;0;1;Longline
HK0213U1;Lethrinus_borbonicus;0;0;1;0;1;Longline
HK0213U1;Lethrinus_harak;;;;0;0;
HK0213U1;Lethrinus_variegatus;0;1;0;0;1;Longline
HK0213U1;Lethrinus_mahsena;0;0;1;0;1;Longline
HK0213U1;Monodactylus_argentus;1;0;0;0;1;none
HK0213U1;Lutjanus_fulviflamma;0;0;1;0;1;Longline
HK0213U1;Scarus_ghobban;1;0;0;0;1;none
HK0213U1;Hipposcarus_harid;1;0;0;0;1;none
HK0213U1;Calatomus_carolinus;1;0;0;0;1;none
HK0213U1;Leptoscarus_vaigiensis;1;0;0;0;1;none
HK0213U1;Plectorhinchus_gibbus;1;0;0;0;1;none
HK0213U1;Acanthurus_spp;1;0;0;0;1;none
HK0213U1;Serranidae;0;0;1;0;1;Longline
HK0213U1;Mullidae;1;0;0;0;1;none
HK0213U1;Balistidae;0;1;0;0;1;Longline
HK0213U1;Mugilidae;1;0;0;0;1;none
HK0213U1;Belonidae;1;0;0;0;1;none
HK0213U1;Chirocentridae;1;0;0;0;1;none
HK0213U1;Sphyraenidae;0;1;0;0;1;Longline
HK0213U1;Caesionidae;1;0;0;0;1;none
HK0213U1;Sardinella_spp;1;0;0;0;1;none
HK0213U1;Anguilliformes;0;0;0;0;0;
HK0213U1;Rhinobatidae;0;1;0;0;1;Longline
HK0213U1;Octopus;1;0;0;0;1;none
HK0213U1;Squids;1;0;0;0;1;none
HK0213U1;Crabs_Lobsters;1;0;0;0;1;none
HK0213U1;Snails;1;0;0;0;1;none
HK0213U1;Others;1;0;0;0;1;none
HK0213U1;Ray;1;0;0;0;1;none
HK0213U1;others ongezea hapo chini;;;;;;
HK0213U2;Siganus_sutor;0;1;0;0;1;NA
HK0213U2;Siganus_stellatus;0;1;0;0;1;NA
HK0213U2;Lethrinus_lentjan;0;1;0;0;1;NA
HK0213U2;Lethrinus_borbonicus;0;0;1;0;1;NA
HK0213U2;Lethrinus_harak;0;0;1;0;1;NA
HK0213U2;Lethrinus_variegatus;0;0;1;0;1;NA
HK0213U2;Lethrinus_mahsena;0;1;0;0;1;NA
HK0213U2;Monodactylus_argentus;1;0;0;0;1;none
HK0213U2;Lutjanus_fulviflamma;0;0;1;0;1;NA
HK0213U2;Scarus_ghobban;1;0;0;0;1;none
HK0213U2;Hipposcarus_harid;1;0;0;0;1;none
HK0213U2;Calatomus_carolinus;1;0;0;0;1;none
HK0213U2;Leptoscarus_vaigiensis;1;0;0;0;1;none
HK0213U2;Plectorhinchus_gibbus;1;0;0;0;1;none
HK0213U2;Acanthurus_spp;1;0;0;0;1;none
HK0213U2;Serranidae;0;1;0;0;1;NA
HK0213U2;Mullidae;0;1;0;0;1;NA
HK0213U2;Balistidae;0;1;0;0;1;NA
HK0213U2;Mugilidae;1;0;0;0;1;none
HK0213U2;Belonidae;0;1;0;0;1;NA
HK0213U2;Chirocentridae;1;0;0;0;1;none
HK0213U2;Sphyraenidae;1;0;0;0;1;none
HK0213U2;Caesionidae;1;0;0;0;1;none
HK0213U2;Sardinella_spp;1;0;0;0;1;none
HK0213U2;Anguilliformes;;;;0;0;
HK0213U2;Rhinobatidae;1;0;0;0;1;none
HK0213U2;Octopus;1;0;0;0;1;none
HK0213U2;Squids;0;1;0;0;1;NA
HK0213U2;Crabs_Lobsters;1;0;0;0;1;none
HK0213U2;Snails;1;0;0;0;1;none
HK0213U2;Others;1;0;0;0;1;none
HK0213U2;Ray;1;0;0;0;1;none
HK0213U2;others ongezea hapo chini;1;0;0;0;1;none
HK0213U3;Siganus_sutor;0;0;1;0;1;Gillnet
HK0213U3;Siganus_stellatus;1;0;0;0;1;none
HK0213U3;Lethrinus_lentjan;;;;;0;
HK0213U3;Lethrinus_borbonicus;0;1;0;0;1;Gillnet
HK0213U3;Lethrinus_harak;0;1;0;0;1;Gillnet
HK0213U3;Lethrinus_variegatus;0;1;0;0;1;Gillnet
HK0213U3;Lethrinus_mahsena;1;0;0;0;1;none
HK0213U3;Monodactylus_argentus;0;1;0;0;1;Gillnet
HK0213U3;Lutjanus_fulviflamma;0;1;0;0;1;Gillnet
HK0213U3;Scarus_ghobban;0;1;0;0;1;Gillnet
HK0213U3;Hipposcarus_harid;0;1;0;0;1;Gillnet
HK0213U3;Calatomus_carolinus;0;1;0;0;1;Gillnet
HK0213U3;Leptoscarus_vaigiensis;;;;;0;
HK0213U3;Plectorhinchus_gibbus;1;1;;;2;
HK0213U3;Acanthurus_spp;1;1;;;2;
HK0213U3;Serranidae;1;1;;;2;
HK0213U3;Mullidae;0;1;0;0;1;Gillnet
HK0213U3;Balistidae;1;0;0;0;1;none
HK0213U3;Mugilidae;1;0;0;0;1;none
HK0213U3;Belonidae;;;;;0;
HK0213U3;Chirocentridae;1;0;0;0;1;none
HK0213U3;Sphyraenidae;1;0;0;0;1;none
HK0213U3;Caesionidae;1;0;0;0;1;none
HK0213U3;Sardinella_spp;1;0;0;0;1;none
HK0213U3;Anguilliformes;;;;;0;
HK0213U3;Rhinobatidae;;;;;0;
HK0213U3;Octopus;0;1;0;0;1;Gillnet
HK0213U3;Squids;0;1;0;0;1;Gillnet
HK0213U3;Crabs_Lobsters;1;0;0;0;1;none
HK0213U3;Snails;1;0;0;0;1;none
HK0213U3;Others;1;0;0;0;1;none
HK0213U3;Ray;1;0;0;0;1;none
HK0213U3;others ongezea hapo chini;1;0;0;0;1;none
HK0213U4;Siganus_sutor;;1;1;0;2;
HK0213U4;Siganus_stellatus;1;0;0;0;1;none
HK0213U4;Lethrinus_lentjan;1;1;;0;2;
HK0213U4;Lethrinus_borbonicus;0;0;1;0;1;Gillnet
HK0213U4;Lethrinus_harak;0;0;1;0;1;Gillnet
HK0213U4;Lethrinus_variegatus;0;0;1;0;1;Gillnet
HK0213U4;Lethrinus_mahsena;0;0;1;0;1;Gillnet
HK0213U4;Monodactylus_argentus;1;0;0;0;1;none
HK0213U4;Lutjanus_fulviflamma;0;1;0;0;1;Gillnet
HK0213U4;Scarus_ghobban;1;;1;0;2;
HK0213U4;Hipposcarus_harid;0;1;0;0;1;Gillnet
HK0213U4;Calatomus_carolinus;1;;1;0;2;
HK0213U4;Leptoscarus_vaigiensis;0;1;0;0;1;Gillnet
HK0213U4;Plectorhinchus_gibbus;1;0;0;0;1;none
HK0213U4;Acanthurus_spp;1;1;;0;2;
HK0213U4;Serranidae;;;;0;0;
HK0213U4;Mullidae;1;0;0;0;1;none
HK0213U4;Balistidae;0;1;0;0;1;Gillnet
HK0213U4;Mugilidae;1;0;0;0;1;none
HK0213U4;Belonidae;1;1;;0;2;
HK0213U4;Chirocentridae;1;0;0;0;1;none
HK0213U4;Sphyraenidae;1;0;0;0;1;none
HK0213U4;Caesionidae;1;0;0;0;1;none
HK0213U4;Sardinella_spp;1;0;0;0;1;none
HK0213U4;Anguilliformes;;;;0;0;
HK0213U4;Rhinobatidae;;;;0;0;
HK0213U4;Octopus;;;;0;0;
HK0213U4;Squids;;;;0;0;
HK0213U4;Crabs_Lobsters;;;;0;0;
HK0213U4;Snails;;;;0;0;
HK0213U4;Others;;;;0;0;
HK0213U4;Ray;0;1;0;0;1;Gillnet
HK0213U4;others ongezea hapo chini;1;0;0;0;1;none
HK0213U5;Siganus_sutor;;1;;0;1;Spear
HK0213U5;Siganus_stellatus;1;;;0;1;none
HK0213U5;Lethrinus_lentjan;1;;;0;1;none
HK0213U5;Lethrinus_borbonicus;1;;;0;1;none
HK0213U5;Lethrinus_harak;;1;;0;1;Spear
HK0213U5;Lethrinus_variegatus;;1;;0;1;Spear
HK0213U5;Lethrinus_mahsena;;1;;0;1;Spear
HK0213U5;Monodactylus_argentus;;1;;0;1;Spear
HK0213U5;Lutjanus_fulviflamma;;1;;0;1;Spear
HK0213U5;Scarus_ghobban;;1;;0;1;Spear
HK0213U5;Hipposcarus_harid;;;1;0;1;Spear
HK0213U5;Calatomus_carolinus;;;1;0;1;Spear
HK0213U5;Leptoscarus_vaigiensis;;1;;0;1;Spear
HK0213U5;Plectorhinchus_gibbus;;;1;0;1;Spear
HK0213U5;Acanthurus_spp;;;1;0;1;Spear
HK0213U5;Serranidae;;1;;0;1;Spear
HK0213U5;Mullidae;1;;;0;1;none
HK0213U5;Balistidae;;;1;0;1;Spear
HK0213U5;Mugilidae;1;;;0;1;none
HK0213U5;Belonidae;1;;;0;1;none
HK0213U5;Chirocentridae;1;;;0;1;none
HK0213U5;Sphyraenidae;1;;;0;1;none
HK0213U5;Caesionidae;1;;;0;1;none
HK0213U5;Sardinella_spp;1;;;0;1;none
HK0213U5;Anguilliformes;;;;0;0;
HK0213U5;Rhinobatidae;;1;;0;1;Spear
HK0213U5;Octopus;;1;;0;1;Spear
HK0213U5;Squids;;;1;0;1;Spear
HK0213U5;Crabs_Lobsters;;1;;0;1;Spear
HK0213U5;Snails;;;;0;0;
HK0213U5;Others;;1;;0;1;Spear
HK0213U5;Ray;;;1;0;1;Spear
HK0213U5;others ongezea hapo chini;1;;;0;1;none
HK0214C6;Siganus_sutor;1;0;0;0;1;none
HK0214C6;Siganus_stellatus;1;0;0;0;1;none
HK0214C6;Lethrinus_lentjan;1;0;0;0;1;none
HK0214C6;Lethrinus_borbonicus;1;0;0;0;1;none
HK0214C6;Lethrinus_harak;0;1;0;0;1;Spear
HK0214C6;Lethrinus_variegatus;;;;0;0;
HK0214C6;Lethrinus_mahsena;0;0;1;0;1;Spear
HK0214C6;Monodactylus_argentus;0;0;1;0;1;Spear
HK0214C6;Lutjanus_fulviflamma;0;0;1;0;1;Spear
HK0214C6;Scarus_ghobban;0;0;1;0;1;Spear
HK0214C6;Hipposcarus_harid;0;0;1;0;1;Spear
HK0214C6;Calatomus_carolinus;0;0;1;0;1;Spear
HK0214C6;Leptoscarus_vaigiensis;1;0;0;0;1;none
HK0214C6;Plectorhinchus_gibbus;0;0;1;0;1;Spear
HK0214C6;Acanthurus_spp;0;0;1;0;1;Spear
HK0214C6;Serranidae;0;1;0;0;1;Spear
HK0214C6;Mullidae;1;0;0;0;1;none
HK0214C6;Balistidae;0;1;0;0;1;Spear
HK0214C6;Mugilidae;1;0;0;0;1;none
HK0214C6;Belonidae;1;0;0;0;1;none
HK0214C6;Chirocentridae;1;0;0;0;1;none
HK0214C6;Sphyraenidae;1;0;0;0;1;none
HK0214C6;Caesionidae;1;0;0;0;1;none
HK0214C6;Sardinella_spp;1;0;0;0;1;none
HK0214C6;Anguilliformes;;;;0;0;
HK0214C6;Rhinobatidae;0;0;1;0;1;Spear
HK0214C6;Octopus;0;0;1;0;1;Spear
HK0214C6;Squids;0;0;1;0;1;Spear
HK0214C6;Crabs_Lobsters;0;0;1;0;1;Spear
HK0214C6;Snails;1;0;0;0;1;none
HK0214C6;Others;1;0;0;0;1;none
HK0214C6;Ray;0;0;1;0;1;Spear
HK0214C6;others ongezea hapo chini;1;0;0;0;1;none
HK0214C7;Siganus_sutor;0;1;0;0;1;Handline or Trap?
HK0214C7;Siganus_stellatus;0;0;0;0;0;
HK0214C7;Lethrinus_lentjan;0;1;0;0;1;Handline or Trap?
HK0214C7;Lethrinus_borbonicus;0;1;0;0;1;Handline or Trap?
HK0214C7;Lethrinus_harak;0;1;0;0;1;Handline or Trap?
HK0214C7;Lethrinus_variegatus;0;1;0;0;1;Handline or Trap?
HK0214C7;Lethrinus_mahsena;0;1;0;0;1;Handline or Trap?
HK0214C7;Monodactylus_argentus;0;1;0;0;1;Handline or Trap?
HK0214C7;Lutjanus_fulviflamma;0;1;0;0;1;Handline or Trap?
HK0214C7;Scarus_ghobban;1;1;1;0;3;
HK0214C7;Hipposcarus_harid;1;1;1;0;3;
HK0214C7;Calatomus_carolinus;1;0;1;0;2;
HK0214C7;Leptoscarus_vaigiensis;0;0;0;0;0;
HK0214C7;Plectorhinchus_gibbus;1;0;1;0;2;
HK0214C7;Acanthurus_spp;0;1;1;0;2;
HK0214C7;Serranidae;0;1;1;0;2;
HK0214C7;Mullidae;0;0;1;0;1;Handline or Trap?
HK0214C7;Balistidae;0;1;0;0;1;Handline or Trap?
HK0214C7;Mugilidae;0;0;0;0;0;
HK0214C7;Belonidae;1;0;0;0;1;none
HK0214C7;Chirocentridae;0;0;0;0;0;
HK0214C7;Sphyraenidae;1;0;0;0;1;
HK0214C7;Caesionidae;0;0;1;0;1;Handline or Trap?
HK0214C7;Sardinella_spp;0;0;0;0;0;
HK0214C7;Anguilliformes;0;0;0;0;0;
HK0214C7;Rhinobatidae;0;0;1;0;1;Handline or Trap?
HK0214C7;Octopus;0;0;0;0;0;
HK0214C7;Squids;0;0;0;0;0;
HK0214C7;Crabs_Lobsters;0;0;0;0;0;
HK0214C7;Snails;0;0;0;0;0;
HK0214C7;Others;0;0;0;0;0;
HK0214C7;Ray;0;0;1;0;1;Handline or Trap?
HK0214C7;others ongezea hapo chini;0;0;0;0;0;
HK0214C8;Siganus_sutor;0;0;1;0;1;Trap or Net?
HK0214C8;Siganus_stellatus;0;1;0;0;1;Trap or Net?
HK0214C8;Lethrinus_lentjan;0;1;0;0;1;Trap or Net?
HK0214C8;Lethrinus_borbonicus;0;0;1;0;1;Trap or Net?
HK0214C8;Lethrinus_harak;0;0;1;0;1;Trap or Net?
HK0214C8;Lethrinus_variegatus;;;;0;0;
HK0214C8;Lethrinus_mahsena;0;1;0;0;1;Trap or Net?
HK0214C8;Monodactylus_argentus;1;1;;0;2;
HK0214C8;Lutjanus_fulviflamma;0;0;1;0;1;Trap or Net?
HK0214C8;Scarus_ghobban;0;1;0;0;1;Trap or Net?
HK0214C8;Hipposcarus_harid;0;0;1;0;1;Trap or Net?
HK0214C8;Calatomus_carolinus;0;0;1;0;1;Trap or Net?
HK0214C8;Leptoscarus_vaigiensis;0;0;1;0;1;Trap or Net?
HK0214C8;Plectorhinchus_gibbus;0;0;1;0;1;Trap or Net?
HK0214C8;Acanthurus_spp;1;0;0;0;1;none
HK0214C8;Serranidae;;;;0;0;
HK0214C8;Mullidae;;;;0;0;
HK0214C8;Balistidae;1;0;0;0;1;none
HK0214C8;Mugilidae;1;0;0;0;1;none
HK0214C8;Belonidae;1;0;0;0;1;none
HK0214C8;Chirocentridae;1;0;0;0;1;none
HK0214C8;Sphyraenidae;1;0;0;0;1;none
HK0214C8;Caesionidae;1;0;0;0;1;none
HK0214C8;Sardinella_spp;1;0;0;0;1;none
HK0214C8;Anguilliformes;;;;0;0;
HK0214C8;Rhinobatidae;1;0;0;0;1;none
HK0214C8;Octopus;1;0;0;0;1;none
HK0214C8;Squids;1;0;0;0;1;none
HK0214C8;Crabs_Lobsters;1;0;0;0;1;none
HK0214C8;Snails;1;0;0;0;1;none
HK0214C8;Others;1;0;0;0;1;none
HK0214C8;Ray;1;0;0;0;1;none
HK0214C8;others ongezea hapo chini;;;;0;0;
HK0214C9;Siganus_sutor;0;1;0;0;1;Gillnet?
HK0214C9;Siganus_stellatus;;;;0;0;
HK0214C9;Lethrinus_lentjan;0;0;1;0;1;Gillnet?
HK0214C9;Lethrinus_borbonicus;0;0;1;0;1;Gillnet?
HK0214C9;Lethrinus_harak;0;0;1;0;1;Gillnet?
HK0214C9;Lethrinus_variegatus;0;0;1;0;1;Gillnet?
HK0214C9;Lethrinus_mahsena;0;0;1;0;1;Gillnet?
HK0214C9;Monodactylus_argentus;0;1;0;0;1;Gillnet?
HK0214C9;Lutjanus_fulviflamma;;;;0;0;
HK0214C9;Scarus_ghobban;;;;0;0;
HK0214C9;Hipposcarus_harid;0;1;0;0;1;Gillnet?
HK0214C9;Calatomus_carolinus;0;0;1;0;1;Gillnet?
HK0214C9;Leptoscarus_vaigiensis;0;0;1;0;1;Gillnet?
HK0214C9;Plectorhinchus_gibbus;0;1;0;0;1;Gillnet?
HK0214C9;Acanthurus_spp;;;;0;0;
HK0214C9;Serranidae;;;;0;0;
HK0214C9;Mullidae;;;;0;0;
HK0214C9;Balistidae;;;;0;0;
HK0214C9;Mugilidae;;;;0;0;
HK0214C9;Belonidae;0;1;0;0;1;Gillnet?
HK0214C9;Chirocentridae;0;1;0;0;1;Gillnet?
HK0214C9;Sphyraenidae;0;1;0;0;1;Gillnet?
HK0214C9;Caesionidae;0;0;1;0;1;Gillnet?
HK0214C9;Sardinella_spp;1;;1;0;2;
HK0214C9;Anguilliformes;;;;0;0;
HK0214C9;Rhinobatidae;1;0;0;0;1;none
HK0214C9;Octopus;1;0;0;0;1;none
HK0214C9;Squids;0;1;0;0;1;Gillnet?
HK0214C9;Crabs_Lobsters;1;0;0;0;1;none
HK0214C9;Snails;1;0;0;0;1;none
HK0214C9;Others;;;;0;0;
HK0214C9;Ray;1;0;0;0;1;none
HK0214C9;others ongezea hapo chini;1;0;0;0;1;none
HK0214C10;Siganus_sutor;0;0;1;0;1;Trap
HK0214C10;Siganus_stellatus;0;1;0;0;1;Trap
HK0214C10;Lethrinus_lentjan;0;1;0;0;1;Trap
HK0214C10;Lethrinus_borbonicus;0;0;0;0;0;
HK0214C10;Lethrinus_harak;0;1;1;0;2;
HK0214C10;Lethrinus_variegatus;0;1;0;0;1;Trap
HK0214C10;Lethrinus_mahsena;1;0;0;0;1;none
HK0214C10;Monodactylus_argentus;1;0;0;0;1;none
HK0214C10;Lutjanus_fulviflamma;0;0;1;0;1;Trap
HK0214C10;Scarus_ghobban;0;0;1;0;1;Trap
HK0214C10;Hipposcarus_harid;0;0;1;0;1;Trap
HK0214C10;Calatomus_carolinus;0;0;1;0;1;Trap
HK0214C10;Leptoscarus_vaigiensis;0;0;0;0;0;
HK0214C10;Plectorhinchus_gibbus;0;0;1;0;1;Trap
HK0214C10;Acanthurus_spp;0;1;0;0;1;Trap
HK0214C10;Serranidae;0;1;0;0;1;Trap
HK0214C10;Mullidae;0;0;1;0;1;Trap
HK0214C10;Balistidae;1;0;0;0;1;none
HK0214C10;Mugilidae;1;0;0;0;1;none
HK0214C10;Belonidae;1;0;0;0;1;none
HK0214C10;Chirocentridae;1;0;0;0;1;none
HK0214C10;Sphyraenidae;1;0;0;0;1;none
HK0214C10;Caesionidae;1;0;0;0;1;none
HK0214C10;Sardinella_spp;1;0;0;0;1;none
HK0214C10;Anguilliformes;0;0;0;0;0;
HK0214C10;Rhinobatidae;1;0;0;0;1;none
HK0214C10;Octopus;1;0;0;0;1;none
HK0214C10;Squids;1;0;0;0;1;none
HK0214C10;Crabs_Lobsters;1;0;0;0;1;none
HK0214C10;Snails;1;0;0;0;1;none
HK0214C10;Others;0;0;0;0;0;
HK0214C10;Ray;1;0;0;0;1;none
HK0214C10;others ongezea hapo chini;1;0;0;0;1;
HK0220M11;Siganus_sutor;0;1;0;0;1;Floatnet? Handline?
HK0220M11;Siganus_stellatus;0;1;0;0;1;Floatnet? Handline?
HK0220M11;Lethrinus_lentjan;1;0;0;0;1;none
HK0220M11;Lethrinus_borbonicus;1;0;0;0;1;none
HK0220M11;Lethrinus_harak;0;0;1;0;1;Floatnet? Handline?
HK0220M11;Lethrinus_variegatus;0;1;0;0;1;Floatnet? Handline?
HK0220M11;Lethrinus_mahsena;0;1;0;0;1;Floatnet? Handline?
HK0220M11;Monodactylus_argentus;1;0;0;0;1;none
HK0220M11;Lutjanus_fulviflamma;0;0;1;0;1;Floatnet? Handline?
HK0220M11;Scarus_ghobban;0;0;1;0;1;Floatnet? Handline?
HK0220M11;Hipposcarus_harid;0;0;1;0;1;Floatnet? Handline?
HK0220M11;Calatomus_carolinus;0;1;0;0;1;Floatnet? Handline?
HK0220M11;Leptoscarus_vaigiensis;;;;0;0;
HK0220M11;Plectorhinchus_gibbus;0;1;0;0;1;Floatnet? Handline?
HK0220M11;Acanthurus_spp;0;1;0;0;1;Floatnet? Handline?
HK0220M11;Serranidae;0;1;0;0;1;Floatnet? Handline?
HK0220M11;Mullidae;0;0;1;0;1;Floatnet? Handline?
HK0220M11;Balistidae;0;0;1;0;1;Floatnet? Handline?
HK0220M11;Mugilidae;1;0;0;0;1;none
HK0220M11;Belonidae;1;0;0;0;1;none
HK0220M11;Chirocentridae;1;1;;0;2;
HK0220M11;Sphyraenidae;1;0;0;0;1;none
HK0220M11;Caesionidae;0;1;0;0;1;Floatnet? Handline?
HK0220M11;Sardinella_spp;1;0;0;0;1;none
HK0220M11;Anguilliformes;;;;0;0;
HK0220M11;Rhinobatidae;1;0;0;0;1;none
HK0220M11;Octopus;0;1;0;0;1;Floatnet? Handline?
HK0220M11;Squids;0;1;0;0;1;Floatnet? Handline?
HK0220M11;Crabs_Lobsters;;;;0;0;
HK0220M11;Snails;;;;0;0;
HK0220M11;Others;;;;0;0;
HK0220M11;Ray;1;0;0;0;1;none
HK0220M11;Diodontidae;1;0;0;0;1;none
HK0220M11;others ongezea hapo chini;1;0;0;0;1;none
HK0220M12;Siganus_sutor;0;0;1;0;1;Gillnet? Trap?
HK0220M12;Siganus_stellatus;1;1;;0;2;
HK0220M12;Lethrinus_lentjan;1;0;0;0;1;none
HK0220M12;Lethrinus_borbonicus;0;1;0;0;1;Gillnet? Trap?
HK0220M12;Lethrinus_harak;0;1;0;0;1;Gillnet? Trap?
HK0220M12;Lethrinus_variegatus;0;1;0;0;1;Gillnet? Trap?
HK0220M12;Lethrinus_mahsena;0;1;0;0;1;Gillnet? Trap?
HK0220M12;Monodactylus_argentus;0;0;1;0;1;Gillnet? Trap?
HK0220M12;Lutjanus_fulviflamma;0;0;1;0;1;Gillnet? Trap?
HK0220M12;Scarus_ghobban;0;0;1;0;1;Gillnet? Trap?
HK0220M12;Hipposcarus_harid;0;1;0;0;1;Gillnet? Trap?
HK0220M12;Calatomus_carolinus;0;0;1;0;1;Gillnet? Trap?
HK0220M12;Leptoscarus_vaigiensis;0;0;1;0;1;Gillnet? Trap?
HK0220M12;Plectorhinchus_gibbus;0;1;0;0;1;Gillnet? Trap?
HK0220M12;Acanthurus_spp;0;1;0;0;1;Gillnet? Trap?
HK0220M12;Serranidae;0;1;0;0;1;Gillnet? Trap?
HK0220M12;Mullidae;0;1;0;0;1;Gillnet? Trap?
HK0220M12;Balistidae;0;1;0;0;1;Gillnet? Trap?
HK0220M12;Mugilidae;1;0;0;0;1;none
HK0220M12;Belonidae;0;0;1;0;1;Gillnet? Trap?
HK0220M12;Chirocentridae;1;0;0;0;1;none
HK0220M12;Sphyraenidae;0;0;1;0;1;Gillnet? Trap?
HK0220M12;Caesionidae;0;1;0;0;1;Gillnet? Trap?
HK0220M12;Sardinella_spp;1;0;0;0;1;none
HK0220M12;Anguilliformes;;;;0;0;
HK0220M12;Rhinobatidae;1;0;0;0;1;none
HK0220M12;Octopus;1;0;0;0;1;none
HK0220M12;Squids;0;1;0;0;1;Gillnet? Trap?
HK0220M12;Crabs_Lobsters;1;0;0;0;1;none
HK0220M12;Snails;1;0;0;0;1;none
HK0220M12;Others;1;0;0;0;1;none
HK0220M12;Ray;1;0;0;0;1;none
HK0220M12;Diodontidae;1;0;0;0;1;none
HK0220M12;others ongezea hapo chini;1;0;0;0;1;none
HK0220M13;Siganus_sutor;0;0;1;0;1;Gillnet
HK0220M13;Siganus_stellatus;0;0;1;0;1;Gillnet
HK0220M13;Lethrinus_lentjan;;;;0;0;
HK0220M13;Lethrinus_borbonicus;1;0;0;0;1;none
HK0220M13;Lethrinus_harak;1;0;0;0;1;none
HK0220M13;Lethrinus_variegatus;0;1;0;0;1;Gillnet
HK0220M13;Lethrinus_mahsena;0;1;0;0;1;Gillnet
HK0220M13;Monodactylus_argentus;0;1;0;0;1;Gillnet
HK0220M13;Lutjanus_fulviflamma;;;;0;0;
HK0220M13;Scarus_ghobban;0;0;1;0;1;Gillnet
HK0220M13;Hipposcarus_harid;0;0;1;0;1;Gillnet
HK0220M13;Calatomus_carolinus;0;1;0;0;1;Gillnet
HK0220M13;Leptoscarus_vaigiensis;;;;0;0;
HK0220M13;Plectorhinchus_gibbus;1;0;0;0;1;none
HK0220M13;Acanthurus_spp;0;1;0;0;1;Gillnet
HK0220M13;Serranidae;0;0;1;0;1;Gillnet
HK0220M13;Mullidae;0;0;1;0;1;Gillnet
HK0220M13;Balistidae;;;;0;0;
HK0220M13;Mugilidae;;;;0;0;
HK0220M13;Belonidae;;;;0;0;
HK0220M13;Chirocentridae;0;0;1;0;1;Gillnet
HK0220M13;Sphyraenidae;0;0;1;0;1;Gillnet
HK0220M13;Caesionidae;1;0;0;0;1;none
HK0220M13;Sardinella_spp;;;;0;0;
HK0220M13;Anguilliformes;;;;0;0;
HK0220M13;Rhinobatidae;;;;0;0;
HK0220M13;Octopus;;;;0;0;
HK0220M13;Squids;;;;0;0;
HK0220M13;Crabs_Lobsters;;;;0;0;
HK0220M13;Snails;;;;0;0;
HK0220M13;Others;;;;0;0;
HK0220M13;Ray;1;0;0;0;1;none
HK0220M13;Diodontidae;1;0;0;0;1;none
HK0220M13;others ongezea hapo chini;;;;0;0;
HK0220M14;Siganus_sutor;0;0;1;0;1;Dragnet? Handline?
HK0220M14;Siganus_stellatus;0;1;0;0;1;Dragnet? Handline?
HK0220M14;Lethrinus_lentjan;0;0;1;0;1;Dragnet? Handline?
HK0220M14;Lethrinus_borbonicus;0;0;1;0;1;Dragnet? Handline?
HK0220M14;Lethrinus_harak;0;0;1;0;1;Dragnet? Handline?
HK0220M14;Lethrinus_variegatus;0;1;0;0;1;Dragnet? Handline?
HK0220M14;Lethrinus_mahsena;0;0;1;0;1;Dragnet? Handline?
HK0220M14;Monodactylus_argentus;1;0;0;0;1;none
HK0220M14;Lutjanus_fulviflamma;0;0;1;0;1;Dragnet? Handline?
HK0220M14;Scarus_ghobban;0;0;1;0;1;Dragnet? Handline?
HK0220M14;Hipposcarus_harid;;;;0;0;
HK0220M14;Calatomus_carolinus;0;0;1;0;1;Dragnet? Handline?
HK0220M14;Leptoscarus_vaigiensis;0;0;1;0;1;Dragnet? Handline?
HK0220M14;Plectorhinchus_gibbus;;1;1;0;2;
HK0220M14;Acanthurus_spp;0;1;0;0;1;Dragnet? Handline?
HK0220M14;Serranidae;0;1;0;0;1;Dragnet? Handline?
HK0220M14;Mullidae;0;0;1;0;1;Dragnet? Handline?
HK0220M14;Balistidae;0;1;0;0;1;Dragnet? Handline?
HK0220M14;Mugilidae;1;0;0;0;1;none
HK0220M14;Belonidae;1;0;0;0;1;none
HK0220M14;Chirocentridae;1;0;0;0;1;none
HK0220M14;Sphyraenidae;0;1;0;0;1;Dragnet? Handline?
HK0220M14;Caesionidae;0;1;0;0;1;Dragnet? Handline?
HK0220M14;Sardinella_spp;1;0;0;0;1;none
HK0220M14;Anguilliformes;;;;0;0;
HK0220M14;Rhinobatidae;0;1;0;0;1;Dragnet? Handline?
HK0220M14;Octopus;0;1;0;0;1;Dragnet? Handline?
HK0220M14;Squids;1;0;0;0;1;none
HK0220M14;Crabs_Lobsters;1;0;0;0;1;none
HK0220M14;Snails;1;0;0;0;1;none
HK0220M14;Others;1;0;0;0;1;none
HK0220M14;Ray;1;0;0;0;1;none
HK0220M14;Diodontidae;1;0;0;0;1;none
HK0220M14;others ongezea hapo chini;1;0;0;0;1;none
HK0220M15;Siganus_sutor;;;1;0;1;Trap
HK0220M15;Siganus_stellatus;;1;;0;1;Trap
HK0220M15;Lethrinus_lentjan;;;1;0;1;Trap
HK0220M15;Lethrinus_borbonicus;;;1;0;1;Trap
HK0220M15;Lethrinus_harak;;1;;0;1;Trap
HK0220M15;Lethrinus_variegatus;;1;;0;1;Trap
HK0220M15;Lethrinus_mahsena;;1;;0;1;Trap
HK0220M15;Monodactylus_argentus;;1;;0;1;Trap
HK0220M15;Lutjanus_fulviflamma;;1;;0;1;Trap
HK0220M15;Scarus_ghobban;;;1;0;1;Trap
HK0220M15;Hipposcarus_harid;;1;;0;1;Trap
HK0220M15;Calatomus_carolinus;;1;;0;1;Trap
HK0220M15;Leptoscarus_vaigiensis;;;1;0;1;Trap
HK0220M15;Plectorhinchus_gibbus;;1;;0;1;Trap
HK0220M15;Acanthurus_spp;;1;;0;1;Trap
HK0220M15;Serranidae;1;;;0;1;none
HK0220M15;Mullidae;;;1;0;1;Trap
HK0220M15;Balistidae;;1;;0;1;Trap
HK0220M15;Mugilidae;1;;;0;1;none
HK0220M15;Belonidae;1;;;0;1;none
HK0220M15;Chirocentridae;1;;;0;1;none
HK0220M15;Sphyraenidae;1;;;0;1;none
HK0220M15;Caesionidae;1;;;0;1;none
HK0220M15;Sardinella_spp;1;;;0;1;none
HK0220M15;Anguilliformes;;;;0;0;none
HK0220M15;Rhinobatidae;1;;;0;1;none
HK0220M15;Octopus;1;;;0;1;none
HK0220M15;Squids;1;;;0;1;none
HK0220M15;Crabs_Lobsters;1;;;0;1;none
HK0220M15;Snails;1;;;0;1;none
HK0220M15;Others;1;;;0;1;none
HK0220M15;Ray;1;;;0;1;none
HK0220M15;Diodontidae;1;0;0;0;1;none
HK0220M15;others ongezea hapo chini;1;;;0;1;none
HK0221P16;Siganus_sutor;0;0;1;0;1;Trap
HK0221P16;Siganus_stellatus;0;1;0;0;1;Trap
HK0221P16;Lethrinus_lentjan;0;0;1;0;1;Trap
HK0221P16;Lethrinus_borbonicus;0;1;0;0;1;Trap
HK0221P16;Lethrinus_harak;0;1;0;0;1;Trap
HK0221P16;Lethrinus_variegatus;0;1;0;0;1;Trap
HK0221P16;Lethrinus_mahsena;0;0;1;0;1;Trap
HK0221P16;Monodactylus_argentus;1;0;0;0;1;none
HK0221P16;Lutjanus_fulviflamma;0;0;1;0;1;Trap
HK0221P16;Scarus_ghobban;0;0;1;0;1;Trap
HK0221P16;Hipposcarus_harid;0;0;1;0;1;Trap
HK0221P16;Calatomus_carolinus;0;0;1;0;1;Trap
HK0221P16;Leptoscarus_vaigiensis;0;0;1;0;1;Trap
HK0221P16;Plectorhinchus_gibbus;0;1;0;0;1;Trap
HK0221P16;Acanthurus_spp;0;0;1;0;1;Trap
HK0221P16;Serranidae;0;1;0;0;1;Trap
HK0221P16;Mullidae;0;1;0;0;1;Trap
HK0221P16;Balistidae;0;0;1;0;1;Trap
HK0221P16;Mugilidae;1;1;;0;2;
HK0221P16;Belonidae;1;0;0;0;1;none
HK0221P16;Chirocentridae;1;0;0;0;1;none
HK0221P16;Sphyraenidae;1;0;0;0;1;none
HK0221P16;Caesionidae;1;0;0;0;1;none
HK0221P16;Sardinella_spp;1;0;0;0;1;none
HK0221P16;Anguilliformes;;;;0;0;
HK0221P16;Rhinobatidae;1;0;0;0;1;none
HK0221P16;Octopus;1;0;0;0;1;none
HK0221P16;Squids;1;0;0;0;1;none
HK0221P16;Crabs_Lobsters;1;0;0;0;1;none
HK0221P16;Snails;1;0;0;0;1;none
HK0221P16;Others;1;0;0;0;1;none
HK0221P16;Ray;1;0;0;0;1;none
HK0221P16;Diodontidae;1;0;0;0;1;none
HK0221P16;others ongezea hapo chini;1;0;0;0;1;none
HK0221P17;Siganus_sutor;;;1;0;1;Handline or Trap?
HK0221P17;Siganus_stellatus;;1;;0;1;Handline or Trap?
HK0221P17;Lethrinus_lentjan;;;1;0;1;Handline or Trap?
HK0221P17;Lethrinus_borbonicus;;;1;0;1;Handline or Trap?
HK0221P17;Lethrinus_harak;1;;;0;1;none
HK0221P17;Lethrinus_variegatus;;1;;0;1;Handline or Trap?
HK0221P17;Lethrinus_mahsena;;;1;0;1;Handline or Trap?
HK0221P17;Monodactylus_argentus;1;;;0;1;none
HK0221P17;Lutjanus_fulviflamma;;;1;0;1;Handline or Trap?
HK0221P17;Scarus_ghobban;1;;;0;1;none
HK0221P17;Hipposcarus_harid;1;;;0;1;none
HK0221P17;Calatomus_carolinus;1;;;0;1;none
HK0221P17;Leptoscarus_vaigiensis;;;1;0;1;Handline or Trap?
HK0221P17;Plectorhinchus_gibbus;;;1;0;1;Handline or Trap?
HK0221P17;Acanthurus_spp;;1;;0;1;Handline or Trap?
HK0221P17;Serranidae;;1;;0;1;Handline or Trap?
HK0221P17;Mullidae;1;;;0;1;none
HK0221P17;Balistidae;1;;;0;1;none
HK0221P17;Mugilidae;1;;;0;1;none
HK0221P17;Belonidae;1;;;0;1;none
HK0221P17;Chirocentridae;1;;;0;1;none
HK0221P17;Sphyraenidae;1;;;0;1;none
HK0221P17;Caesionidae;1;;;0;1;none
HK0221P17;Sardinella_spp;1;;;0;1;none
HK0221P17;Anguilliformes;;;;0;0;
HK0221P17;Rhinobatidae;1;;;0;1;none
HK0221P17;Octopus;1;;;0;1;none
HK0221P17;Squids;1;;;0;1;none
HK0221P17;Crabs_Lobsters;1;;;0;1;none
HK0221P17;Snails;1;;;0;1;none
HK0221P17;Others;1;;;0;1;none
HK0221P17;Ray;1;;;0;1;none
HK0221P17;Diodontidae;1;;;0;1;none
HK0221P17;others ongezea hapo chini;1;;;0;1;none
HK0221P18;Siganus_sutor;;;1;0;1;Handline
HK0221P18;Siganus_stellatus;;1;;0;1;Handline
HK0221P18;Lethrinus_lentjan;;1;;0;1;Handline
HK0221P18;Lethrinus_borbonicus;;;1;0;1;Handline
HK0221P18;Lethrinus_harak;;;1;0;1;Handline
HK0221P18;Lethrinus_variegatus;;1;;0;1;Handline
HK0221P18;Lethrinus_mahsena;;;1;0;1;Handline
HK0221P18;Monodactylus_argentus;1;;;0;1;none
HK0221P18;Lutjanus_fulviflamma;;;;0;0;
HK0221P18;Scarus_ghobban;1;;;0;1;none
HK0221P18;Hipposcarus_harid;1;;;0;1;none
HK0221P18;Calatomus_carolinus;1;;;0;1;none
HK0221P18;Leptoscarus_vaigiensis;;1;;0;1;Handline
HK0221P18;Plectorhinchus_gibbus;1;;;0;1;none
HK0221P18;Acanthurus_spp;;1;;0;1;Handline
HK0221P18;Serranidae;;1;;0;1;Handline
HK0221P18;Mullidae;;1;;0;1;Handline
HK0221P18;Balistidae;;1;;0;1;Handline
HK0221P18;Mugilidae;1;;;0;1;none
HK0221P18;Belonidae;1;;;0;1;none
HK0221P18;Chirocentridae;1;;;0;1;none
HK0221P18;Sphyraenidae;1;;;0;1;none
HK0221P18;Caesionidae;1;;;0;1;none
HK0221P18;Sardinella_spp;1;;;0;1;none
HK0221P18;Anguilliformes;;;;0;0;
HK0221P18;Rhinobatidae;1;;;0;1;none
HK0221P18;Octopus;1;;;0;1;none
HK0221P18;Squids;;;;0;0;
HK0221P18;Crabs_Lobsters;1;1;;0;2;
HK0221P18;Snails;1;;;0;1;none
HK0221P18;Others;1;;;0;1;none
HK0221P18;Ray;1;;;0;1;none
HK0221P18;Diodontidae;1;;;0;1;none
HK0221P18;others ongezea hapo chini;1;;;0;1;none
HK0221P19;Siganus_sutor;0;0;1;0;1;Handline
HK0221P19;Siganus_stellatus;0;0;1;0;1;Handline
HK0221P19;Lethrinus_lentjan;0;1;0;0;1;Handline
HK0221P19;Lethrinus_borbonicus;0;0;1;0;1;Handline
HK0221P19;Lethrinus_harak;0;0;1;0;1;Handline
HK0221P19;Lethrinus_variegatus;0;0;1;0;1;Handline
HK0221P19;Lethrinus_mahsena;0;1;0;0;1;Handline
HK0221P19;Monodactylus_argentus;1;0;0;0;1;none
HK0221P19;Lutjanus_fulviflamma;;1;1;0;2;
HK0221P19;Scarus_ghobban;;;;0;0;
HK0221P19;Hipposcarus_harid;0;1;0;0;1;Handline
HK0221P19;Calatomus_carolinus;;;;0;0;
HK0221P19;Leptoscarus_vaigiensis;0;1;0;0;1;Handline
HK0221P19;Plectorhinchus_gibbus;1;1;;0;2;
HK0221P19;Acanthurus_spp;0;1;0;0;1;Handline
HK0221P19;Serranidae;0;1;0;0;1;Handline
HK0221P19;Mullidae;0;1;0;0;1;Handline
HK0221P19;Balistidae;0;1;0;0;1;Handline
HK0221P19;Mugilidae;1;0;0;0;1;none
HK0221P19;Belonidae;1;0;0;0;1;none
HK0221P19;Chirocentridae;0;1;0;0;1;Handline
HK0221P19;Sphyraenidae;1;0;0;0;1;none
HK0221P19;Caesionidae;1;0;0;0;1;none
HK0221P19;Sardinella_spp;1;0;0;0;1;none
HK0221P19;Anguilliformes;;;;0;0;
HK0221P19;Rhinobatidae;1;0;0;0;1;none
HK0221P19;Octopus;1;0;0;0;1;none
HK0221P19;Squids;0;1;0;0;1;Handline
HK0221P19;Crabs_Lobsters;1;0;0;0;1;none
HK0221P19;Snails;1;0;0;0;1;none
HK0221P19;Others;1;0;0;0;1;none
HK0221P19;Ray;1;0;0;0;1;none
HK0221P19;Diodontidae;;;;0;0;
HK0221P19;others ongezea hapo chini;1;0;0;0;1;none
HK0221P20;Siganus_sutor;0;1;0;0;1;Spear or Dragnet?
HK0221P20;Siganus_stellatus;0;1;0;0;1;Spear or Dragnet?
HK0221P20;Lethrinus_lentjan;1;0;0;0;1;none
HK0221P20;Lethrinus_borbonicus;1;0;0;0;1;none
HK0221P20;Lethrinus_harak;0;1;0;0;1;Spear or Dragnet?
HK0221P20;Lethrinus_variegatus;1;0;0;0;1;none
HK0221P20;Lethrinus_mahsena;;;;0;0;
HK0221P20;Monodactylus_argentus;0;1;0;0;1;Spear or Dragnet?
HK0221P20;Lutjanus_fulviflamma;;;;0;0;
HK0221P20;Scarus_ghobban;0;1;0;0;1;Spear or Dragnet?
HK0221P20;Hipposcarus_harid;0;1;0;0;1;Spear or Dragnet?
HK0221P20;Calatomus_carolinus;0;0;1;0;1;Spear or Dragnet?
HK0221P20;Leptoscarus_vaigiensis;;;;0;0;
HK0221P20;Plectorhinchus_gibbus;0;0;1;0;1;Spear or Dragnet?
HK0221P20;Acanthurus_spp;0;0;1;0;1;Spear or Dragnet?
HK0221P20;Serranidae;0;0;1;0;1;Spear or Dragnet?
HK0221P20;Mullidae;1;0;0;0;1;none
HK0221P20;Balistidae;1;;1;0;2;
HK0221P20;Mugilidae;1;0;0;0;1;none
HK0221P20;Belonidae;1;0;0;0;1;none
HK0221P20;Chirocentridae;1;0;0;0;1;none
HK0221P20;Sphyraenidae;1;0;0;0;1;none
HK0221P20;Caesionidae;1;0;0;0;1;none
HK0221P20;Sardinella_spp;1;0;0;0;1;none
HK0221P20;Anguilliformes;;;;0;0;
HK0221P20;Rhinobatidae;0;0;1;0;1;Spear or Dragnet?
HK0221P20;Octopus;0;0;1;0;1;Spear or Dragnet?
HK0221P20;Squids;0;0;1;0;1;Spear or Dragnet?
HK0221P20;Crabs_Lobsters;0;0;1;0;1;Spear or Dragnet?
HK0221P20;Snails;1;0;0;0;1;none
HK0221P20;Others;1;0;0;0;1;none
HK0221P20;Ray;0;0;1;0;1;Spear or Dragnet?
HK0221P20;Diodontidae;0;0;1;0;1;Spear or Dragnet?
HK0221P20;others ongezea hapo chini;1;0;0;0;1;none
NJ0213U1;Siganus_sutor;0;1;0;0;1;Spear
NJ0213U1;Siganus_stellatus;;;;;0;
NJ0213U1;Lethrinus_lentjan;;;;;0;
NJ0213U1;Lethrinus_borbonicus;1;0;0;0;1;
NJ0213U1;Lethrinus_harak;1;0;0;0;1;
NJ0213U1;Lethrinus_variegatus;1;0;0;0;1;
NJ0213U1;Lethrinus_mahsena;1;0;0;0;1;
NJ0213U1;Monodactylus_argentus;0;0;1;1;1;Spear
NJ0213U1;Lutjanus_fulviflamma;0;0;1;1;1;Spear
NJ0213U1;Scarus_ghobban;0;0;1;1;1;Spear
NJ0213U1;Hipposcarus_harid;0;0;1;1;1;Spear
NJ0213U1;Calatomus_carolinus;0;0;1;1;1;Spear
NJ0213U1;Leptoscarus_vaigiensis;;;;;0;Spear
NJ0213U1;Plectorhinchus_gibbus;0;0;1;1;1;Spear
NJ0213U1;Acanthurus_spp;0;0;1;1;1;Spear
NJ0213U1;Serranidae;0;0;1;1;1;Spear
NJ0213U1;Mullidae;0;0;1;1;1;Spear
NJ0213U1;Balistidae;1;0;0;0;1;none
NJ0213U1;Mugilidae;1;0;0;0;1;none
NJ0213U1;Belonidae;1;0;0;0;1;none
NJ0213U1;Chirocentridae;1;0;0;0;1;none
NJ0213U1;Sphyraenidae;1;0;0;0;1;none
NJ0213U1;Caesionidae;1;0;0;0;1;none
NJ0213U1;Sardinella_spp;1;0;0;0;1;none
NJ0213U1;Anguilliformes;1;0;0;0;1;none
NJ0213U1;Rhinobatidae;;;;0;0;
NJ0213U1;Octopus;;;;0;0;
NJ0213U1;Squids;;;;0;0;
NJ0213U1;Crabs_Lobsters;1;0;0;0;1;none
NJ0213U1;Snails;1;0;0;0;1;none
NJ0213U2;Siganus_sutor;0;0;1;1;1;Trap
NJ0213U2;Siganus_stellatus;0;0;1;1;1;Trap
NJ0213U2;Lethrinus_lentjan;1;0;0;0;1;none
NJ0213U2;Lethrinus_borbonicus;1;0;0;0;1;none
NJ0213U2;Lethrinus_harak;1;0;0;0;1;none
NJ0213U2;Lethrinus_variegatus;1;0;0;0;1;none
NJ0213U2;Lethrinus_mahsena;1;0;0;0;1;none
NJ0213U2;Monodactylus_argentus;1;0;0;0;1;none
NJ0213U2;Lutjanus_fulviflamma;1;0;0;0;1;none
NJ0213U2;Scarus_ghobban;0;0;1;1;1;Trap
NJ0213U2;Hipposcarus_harid;0;0;1;1;1;
NJ0213U2;Calatomus_carolinus;0;0;1;1;1;Trap
NJ0213U2;Leptoscarus_vaigiensis;0;0;1;1;1;Trap
NJ0213U2;Plectorhinchus_gibbus;;;;;0;
NJ0213U2;Acanthurus_spp;0;0;1;1;1;Trap
NJ0213U2;Serranidae;0;0;1;1;1;Trap
NJ0213U2;Mullidae;1;;1;1;2;
NJ0213U2;Balistidae;1;0;0;0;1;none
NJ0213U2;Mugilidae;1;0;0;0;1;none
NJ0213U2;Belonidae;1;0;0;0;1;none
NJ0213U2;Chirocentridae;1;0;0;0;1;none
NJ0213U2;Sphyraenidae;1;0;0;0;1;none
NJ0213U2;Caesionidae;1;0;0;0;1;none
NJ0213U2;Sardinella_spp;1;0;0;0;1;none
NJ0213U2;Anguilliformes;1;1;;;2;
NJ0213U2;Rhinobatidae;;1;0;0;1;Trap
NJ0213U2;Octopus;1;0;0;0;1;
NJ0213U2;Squids;;;;;0;
NJ0213U2;Crabs_Lobsters;1;0;0;0;1;none
NJ0213U2;Snails;1;0;0;0;1;none
NJ0213U3;Siganus_sutor;1;;1;1;2;
NJ0213U3;Siganus_stellatus;1;;1;1;2;trapM
NJ0213U3;Lethrinus_lentjan;;;;;0;
NJ0213U3;Lethrinus_borbonicus;1;;1;1;2;
NJ0213U3;Lethrinus_harak;;;;;0;
NJ0213U3;Lethrinus_variegatus;;;;;0;
NJ0213U3;Lethrinus_mahsena;0;1;0;0;1;
NJ0213U3;Monodactylus_argentus;;;;;0;
NJ0213U3;Lutjanus_fulviflamma;;;;;0;
NJ0213U3;Scarus_ghobban;1;;1;1;2;
NJ0213U3;Hipposcarus_harid;1;;1;1;2;
NJ0213U3;Calatomus_carolinus;0;0;1;1;1;
NJ0213U3;Leptoscarus_vaigiensis;;;;;0;
NJ0213U3;Plectorhinchus_gibbus;;;;;0;
NJ0213U3;Acanthurus_spp;;;;;0;
NJ0213U3;Serranidae;1;1;;;2;
NJ0213U3;Mullidae;;;;;0;
NJ0213U3;Balistidae;;;;;0;
NJ0213U3;Mugilidae;;;;;0;
NJ0213U3;Belonidae;1;0;0;0;1;none
NJ0213U3;Chirocentridae;;;;;0;
NJ0213U3;Sphyraenidae;;;;;0;
NJ0213U3;Caesionidae;;;;;0;
NJ0213U3;Sardinella_spp;;;;;0;
NJ0213U3;Anguilliformes;;;;;0;
NJ0213U3;Rhinobatidae;;;;;0;
NJ0213U3;Octopus;0;1;0;0;1;
NJ0213U3;Squids;;;;;0;
NJ0213U3;Crabs_Lobsters;;;;;0;
NJ0213U3;Snails;;;;;0;
NJ0213U4;Siganus_sutor;1;0;0;0;1;none
NJ0213U4;Siganus_stellatus;1;0;0;0;1;none
NJ0213U4;Lethrinus_lentjan;1;0;0;0;1;none
NJ0213U4;Lethrinus_borbonicus;1;0;0;0;1;none
NJ0213U4;Lethrinus_harak;1;0;0;0;1;none
NJ0213U4;Lethrinus_variegatus;1;0;0;0;1;none
NJ0213U4;Lethrinus_mahsena;1;0;0;0;1;none
NJ0213U4;Monodactylus_argentus;1;0;0;0;1;none
NJ0213U4;Lutjanus_fulviflamma;1;0;0;0;1;none
NJ0213U4;Scarus_ghobban;1;0;0;0;1;none
NJ0213U4;Hipposcarus_harid;1;0;0;0;1;none
NJ0213U4;Calatomus_carolinus;1;0;0;0;1;none
NJ0213U4;Leptoscarus_vaigiensis;1;0;0;0;1;none
NJ0213U4;Plectorhinchus_gibbus;1;0;0;0;1;none
NJ0213U4;Acanthurus_spp;1;0;0;0;1;none
NJ0213U4;Serranidae;1;0;0;0;1;none
NJ0213U4;Mullidae;1;0;0;0;1;none
NJ0213U4;Balistidae;1;0;0;0;1;none
NJ0213U4;Mugilidae;1;0;0;0;1;none
NJ0213U4;Belonidae;1;0;0;0;1;none
NJ0213U4;Chirocentridae;1;0;0;0;1;none
NJ0213U4;Sphyraenidae;1;0;0;0;1;none
NJ0213U4;Caesionidae;1;0;0;0;1;none
NJ0213U4;Sardinella_spp;1;0;0;0;1;none
NJ0213U4;Anguilliformes;1;0;0;0;1;none
NJ0213U4;Rhinobatidae;1;0;0;0;1;none
NJ0213U4;Octopus;1;0;0;0;1;none
NJ0213U4;Squids;0;0;1;1;1;FootFisher
NJ0213U4;Crabs_Lobsters;0;0;1;1;1;FootFisher
NJ0213U4;Snails;0;0;1;1;1;FootFisher
NJ0213U5;Siganus_sutor;0;1;0;0;1;Spear
NJ0213U5;Siganus_stellatus;0;1;0;0;1;Spear
NJ0213U5;Lethrinus_lentjan;1;0;0;0;1;
NJ0213U5;Lethrinus_borbonicus;1;0;0;0;1;
NJ0213U5;Lethrinus_harak;1;0;0;0;1;
NJ0213U5;Lethrinus_variegatus;1;0;0;0;1;
NJ0213U5;Lethrinus_mahsena;1;0;0;0;1;
NJ0213U5;Monodactylus_argentus;0;1;0;0;1;Spear
NJ0213U5;Lutjanus_fulviflamma;0;1;0;0;1;Spear
NJ0213U5;Scarus_ghobban;0;0;1;0;1;Spear
NJ0213U5;Hipposcarus_harid;1;0;0;0;1;
NJ0213U5;Calatomus_carolinus;1;0;0;0;1;
NJ0213U5;Leptoscarus_vaigiensis;1;0;0;0;1;
NJ0213U5;Plectorhinchus_gibbus;0;0;1;0;1;Spear
NJ0213U5;Acanthurus_spp;0;0;1;0;1;Spear
NJ0213U5;Serranidae;0;0;1;0;1;Spear
NJ0213U5;Mullidae;0;0;1;0;1;Spear
NJ0213U5;Balistidae;0;0;1;0;1;Spear
NJ0213U5;Mugilidae;0;1;0;0;1;Spear
NJ0213U5;Belonidae;1;0;0;0;1;
NJ0213U5;Chirocentridae;1;0;0;0;1;
NJ0213U5;Sphyraenidae;1;0;0;0;1;
NJ0213U5;Caesionidae;1;0;0;0;1;
NJ0213U5;Sardinella_spp;1;0;0;0;1;
NJ0213U5;Anguilliformes;1;0;0;0;1;
NJ0213U5;Rhinobatidae;1;0;0;0;1;
NJ0213U5;Octopus;0;0;1;0;1;Spear
NJ0213U5;Squids;0;1;0;0;1;Spear
NJ0213U5;Crabs_Lobsters;0;0;1;0;1;Spear
NJ0213U5;Snails;1;0;0;0;1;
NJ0214C6;Siganus_sutor;;;;;0;
NJ0214C6;Siganus_stellatus;;;;;0;
NJ0214C6;Lethrinus_lentjan;;;;;0;
NJ0214C6;Lethrinus_borbonicus;;;;;0;
NJ0214C6;Lethrinus_harak;;;;;0;
NJ0214C6;Lethrinus_variegatus;;;;;0;
NJ0214C6;Lethrinus_mahsena;;;;;0;
NJ0214C6;Monodactylus_argentus;;;;;0;
NJ0214C6;Lutjanus_fulviflamma;;;;;0;
NJ0214C6;Scarus_ghobban;;;;;0;
NJ0214C6;Hipposcarus_harid;;;;;0;
NJ0214C6;Calatomus_carolinus;;;;;0;
NJ0214C6;Leptoscarus_vaigiensis;;;;;0;
NJ0214C6;Plectorhinchus_gibbus;;;;;0;
NJ0214C6;Acanthurus_spp;;;;;0;
NJ0214C6;Serranidae;;;;;0;
NJ0214C6;Mullidae;;;;;0;
NJ0214C6;Balistidae;;;;;0;
NJ0214C6;Mugilidae;;;;;0;
NJ0214C6;Belonidae;;;;;0;
NJ0214C6;Chirocentridae;;;;;0;
NJ0214C6;Sphyraenidae;;;;;0;
NJ0214C6;Caesionidae;;;;;0;
NJ0214C6;Sardinella_spp;;;;;0;
NJ0214C6;Anguilliformes;;;;;0;
NJ0214C6;Rhinobatidae;;;;;0;
NJ0214C6;Octopus;0;0;1;1;1;FootFisher
NJ0214C6;Squids;0;0;1;1;1;FootFisher
NJ0214C6;Crabs_Lobsters;;;;;0;
NJ0214C6;Snails;0;0;1;1;1;FootFisher
NJ0214C7;Siganus_sutor;;;;;0;
NJ0214C7;Siganus_stellatus;;;;;0;
NJ0214C7;Lethrinus_lentjan;;;;;0;
NJ0214C7;Lethrinus_borbonicus;;;;;0;
NJ0214C7;Lethrinus_harak;;;;;0;
NJ0214C7;Lethrinus_variegatus;;;;;0;
NJ0214C7;Lethrinus_mahsena;;;;;0;
NJ0214C7;Monodactylus_argentus;;;;;0;
NJ0214C7;Lutjanus_fulviflamma;;;;;0;
NJ0214C7;Scarus_ghobban;;;;;0;
NJ0214C7;Hipposcarus_harid;;;;;0;
NJ0214C7;Calatomus_carolinus;;;;;0;
NJ0214C7;Leptoscarus_vaigiensis;;;;;0;
NJ0214C7;Plectorhinchus_gibbus;;;;;0;
NJ0214C7;Acanthurus_spp;;;;;0;
NJ0214C7;Serranidae;;;;;0;
NJ0214C7;Mullidae;;;;;0;
NJ0214C7;Balistidae;;;;;0;
NJ0214C7;Mugilidae;;;;;0;
NJ0214C7;Belonidae;;;;;0;
NJ0214C7;Chirocentridae;;;;;0;
NJ0214C7;Sphyraenidae;;;;;0;
NJ0214C7;Caesionidae;;;;;0;
NJ0214C7;Sardinella_spp;;;;;0;
NJ0214C7;Anguilliformes;;;;;0;
NJ0214C7;Rhinobatidae;;;;;0;
NJ0214C7;Octopus;;;;;0;
NJ0214C7;Squids;0;0;1;1;1;FootFisher
NJ0214C7;Crabs_Lobsters;0;0;1;1;1;FootFisher
NJ0214C7;Snails;0;0;1;1;1;FootFisher
NJ0214C8;Siganus_sutor;;;;;0;
NJ0214C8;Siganus_stellatus;;;;;0;
NJ0214C8;Lethrinus_lentjan;;;;;0;
NJ0214C8;Lethrinus_borbonicus;;;;;0;
NJ0214C8;Lethrinus_harak;;;;;0;
NJ0214C8;Lethrinus_variegatus;;;;;0;
NJ0214C8;Lethrinus_mahsena;;;;;0;
NJ0214C8;Monodactylus_argentus;;;;;0;
NJ0214C8;Lutjanus_fulviflamma;;;;;0;
NJ0214C8;Scarus_ghobban;;;;;0;
NJ0214C8;Hipposcarus_harid;;;;;0;
NJ0214C8;Calatomus_carolinus;;;;;0;
NJ0214C8;Leptoscarus_vaigiensis;;;;;0;
NJ0214C8;Plectorhinchus_gibbus;;;;;0;
NJ0214C8;Acanthurus_spp;;;;;0;
NJ0214C8;Serranidae;;;;;0;
NJ0214C8;Mullidae;;;;;0;
NJ0214C8;Balistidae;;;;;0;
NJ0214C8;Mugilidae;;;;;0;
NJ0214C8;Belonidae;;;;;0;
NJ0214C8;Chirocentridae;;;;;0;
NJ0214C8;Sphyraenidae;;;;;0;
NJ0214C8;Caesionidae;;;;;0;
NJ0214C8;Sardinella_spp;;;;;0;
NJ0214C8;Anguilliformes;;;;;0;
NJ0214C8;Rhinobatidae;;;;;0;
NJ0214C8;Octopus;0;0;1;0;1;Spear
NJ0214C8;Squids;0;0;1;0;1;Spear
NJ0214C8;Crabs_Lobsters;0;0;1;0;1;Spear
NJ0214C8;Snails;0;0;1;0;1;Spear
NJ0214C9;Siganus_sutor;1;0;0;0;1;none
NJ0214C9;Siganus_stellatus;1;0;0;0;1;none
NJ0214C9;Lethrinus_lentjan;1;0;0;0;1;none
NJ0214C9;Lethrinus_borbonicus;1;0;0;0;1;none
NJ0214C9;Lethrinus_harak;1;0;0;0;1;none
NJ0214C9;Lethrinus_variegatus;1;0;0;0;1;none
NJ0214C9;Lethrinus_mahsena;1;0;0;0;1;none
NJ0214C9;Monodactylus_argentus;1;0;0;0;1;none
NJ0214C9;Lutjanus_fulviflamma;1;0;0;0;1;none
NJ0214C9;Scarus_ghobban;1;0;0;0;1;none
NJ0214C9;Hipposcarus_harid;1;0;0;0;1;none
NJ0214C9;Calatomus_carolinus;1;0;0;0;1;none
NJ0214C9;Leptoscarus_vaigiensis;;;;0;;
NJ0214C9;Plectorhinchus_gibbus;1;0;0;0;1;none
NJ0214C9;Acanthurus_spp;1;0;0;0;1;none
NJ0214C9;Serranidae;0;0;1;1;1;Longline
NJ0214C9;Mullidae;;;;;0;
NJ0214C9;Balistidae;1;0;0;0;1;none
NJ0214C9;Mugilidae;1;0;0;0;1;none
NJ0214C9;Belonidae;;;;;0;
NJ0214C9;Chirocentridae;0;1;0;0;1;Longline
NJ0214C9;Sphyraenidae;0;1;0;0;1;Longline
NJ0214C9;Caesionidae;;;;;0;
NJ0214C9;Sardinella_spp;;;;;0;
NJ0214C9;Anguilliformes;0;1;0;0;1;Longline
NJ0214C9;Rhinobatidae;;;;;0;
NJ0214C9;Octopus;;;;;0;
NJ0214C9;Squids;;;;;0;
NJ0214C9;Crabs_Lobsters;1;0;0;0;1;none
NJ0214C9;Snails;1;0;0;0;1;none
NJ0214C10;Siganus_sutor;;;;;0;
NJ0214C10;Siganus_stellatus;;;;;0;
NJ0214C10;Lethrinus_lentjan;;;;;0;
NJ0214C10;Lethrinus_borbonicus;;;;;0;
NJ0214C10;Lethrinus_harak;;;;;0;
NJ0214C10;Lethrinus_variegatus;;;;;0;
NJ0214C10;Lethrinus_mahsena;;;;;0;
NJ0214C10;Monodactylus_argentus;;;;;0;
NJ0214C10;Lutjanus_fulviflamma;;;;;0;
NJ0214C10;Scarus_ghobban;;;;;0;
NJ0214C10;Hipposcarus_harid;;;;;0;
NJ0214C10;Calatomus_carolinus;;;;;0;
NJ0214C10;Leptoscarus_vaigiensis;;;;;0;
NJ0214C10;Plectorhinchus_gibbus;;;;;0;
NJ0214C10;Acanthurus_spp;0;1;0;0;1;Gillnet
NJ0214C10;Serranidae;0;1;0;0;1;Gillnet
NJ0214C10;Mullidae;0;1;0;0;1;Gillnet
NJ0214C10;Balistidae;;;;;0;
NJ0214C10;Mugilidae;0;1;0;0;1;Gillnet
NJ0214C10;Belonidae;;;;;0;
NJ0214C10;Chirocentridae;0;0;1;0;1;Gillnet
NJ0214C10;Sphyraenidae;0;0;1;0;1;Gillnet
NJ0214C10;Caesionidae;0;0;1;0;1;Gillnet
NJ0214C10;Sardinella_spp;0;1;0;0;1;Gillnet
NJ0214C10;Anguilliformes;;;;;0;
NJ0214C10;Rhinobatidae;0;;1;0;1;Gillnet
NJ0214C10;Octopus;;;;;0;
NJ0214C10;Squids;;;;;0;
NJ0214C10;Crabs_Lobsters;;;;;0;
NJ0214C10;Snails;;;;;0;
NJ0214C10;Caranx;;;;;;
NJ0214C10;Kingfish;;;;;;
NJ0214C10;Sailfish;;;;;;
NJ0214C10;Marlin;;;;;0;
NJ0220M11;Siganus_sutor;;;;;0;
NJ0220M11;Siganus_stellatus;1;0;0;0;1;none
NJ0220M11;Lethrinus_lentjan;1;0;0;0;1;none
NJ0220M11;Lethrinus_borbonicus;;;;;0;
NJ0220M11;Lethrinus_harak;;;;;0;
NJ0220M11;Lethrinus_variegatus;1;0;0;0;1;none
NJ0220M11;Lethrinus_mahsena;1;0;0;0;1;none
NJ0220M11;Monodactylus_argentus;1;1;;;2;
NJ0220M11;Lutjanus_fulviflamma;1;1;;;2;
NJ0220M11;Scarus_ghobban;1;1;1;1;3;
NJ0220M11;Hipposcarus_harid;1;;1;1;2;
NJ0220M11;Calatomus_carolinus;1;0;0;0;1;none
NJ0220M11;Leptoscarus_vaigiensis;;;;;0;
NJ0220M11;Plectorhinchus_gibbus;1;0;0;0;1;none
NJ0220M11;Acanthurus_spp;1;0;0;0;1;none
NJ0220M11;Serranidae;1;0;0;0;1;none
NJ0220M11;Mullidae;1;;1;1;2;
NJ0220M11;Balistidae;1;0;0;0;1;none
NJ0220M11;Mugilidae;;;;;0;
NJ0220M11;Belonidae;1;0;0;0;1;none
NJ0220M11;Chirocentridae;1;0;0;0;1;none
NJ0220M11;Sphyraenidae;1;0;0;0;1;none
NJ0220M11;Caesionidae;1;0;0;0;1;none
NJ0220M11;Sardinella_spp;1;;1;1;2;
NJ0220M11;Anguilliformes;;;;;0;
NJ0220M11;Rhinobatidae;1;0;0;0;1;none
NJ0220M11;Octopus;1;;1;1;2;
NJ0220M11;Squids;0;0;1;1;1;Fence
NJ0220M11;Crabs_Lobsters;0;0;1;1;1;Fence
NJ0220M11;Snails;0;0;1;1;1;Fence
NJ0220M11;Indian_mackerel;;;;;0;
NJ0220M12;Siganus_sutor;1;;1;1;2;M
NJ0220M12;Siganus_stellatus;;1;1;;2;
NJ0220M12;Lethrinus_lentjan;0;0;1;1;1;M
NJ0220M12;Lethrinus_borbonicus;0;0;1;1;1;M
NJ0220M12;Lethrinus_harak;0;0;1;0;1;M
NJ0220M12;Lethrinus_variegatus;1;0;0;0;1;none
NJ0220M12;Lethrinus_mahsena;0;0;1;0;1;M
NJ0220M12;Monodactylus_argentus;1;;1;;2;
NJ0220M12;Lutjanus_fulviflamma;0;1;0;0;1;M
NJ0220M12;Scarus_ghobban;0;0;1;0;1;M
NJ0220M12;Hipposcarus_harid;1;;1;;2;
NJ0220M12;Calatomus_carolinus;1;;1;;2;
NJ0220M12;Leptoscarus_vaigiensis;0;0;1;0;1;M
NJ0220M12;Plectorhinchus_gibbus;0;1;0;0;1;M
NJ0220M12;Acanthurus_spp;0;0;1;0;1;M
NJ0220M12;Serranidae;0;1;0;0;1;M
NJ0220M12;Mullidae;0;0;1;0;1;M
NJ0220M12;Balistidae;1;0;0;0;1;none
NJ0220M12;Mugilidae;;;;;0;
NJ0220M12;Belonidae;0;1;0;0;1;NF
NJ0220M12;Chirocentridae;0;1;0;0;1;NF
NJ0220M12;Sphyraenidae;1;1;;;2;NF
NJ0220M12;Caesionidae;1;1;;;2;M
NJ0220M12;Sardinella_spp;;;;;0;
NJ0220M12;Anguilliformes;0;0;1;0;1;M
NJ0220M12;Rhinobatidae;0;0;1;0;1;M
NJ0220M12;Octopus;0;1;0;0;1;M
NJ0220M12;Squids;;;;;0;
NJ0220M12;Crabs_Lobsters;0;1;0;0;1;M
NJ0220M12;Snails;;;;;0;
NJ0220M13;Siganus_sutor;0;0;1;1;1;Trap
NJ0220M13;Siganus_stellatus;0;0;1;1;1;Trap
NJ0220M13;Lethrinus_lentjan;0;1;0;0;1;Trap
NJ0220M13;Lethrinus_borbonicus;1;0;0;0;1;none
NJ0220M13;Lethrinus_harak;1;0;0;0;1;none
NJ0220M13;Lethrinus_variegatus;1;0;0;0;1;none
NJ0220M13;Lethrinus_mahsena;1;0;0;0;1;none
NJ0220M13;Monodactylus_argentus;1;0;0;0;1;none
NJ0220M13;Lutjanus_fulviflamma;1;0;0;0;1;none
NJ0220M13;Scarus_ghobban;0;1;0;0;1;Trap
NJ0220M13;Hipposcarus_harid;0;1;0;0;1;Trap
NJ0220M13;Calatomus_carolinus;0;1;0;0;1;Trap
NJ0220M13;Leptoscarus_vaigiensis;0;1;0;0;1;Trap
NJ0220M13;Plectorhinchus_gibbus;0;1;0;0;1;Trap
NJ0220M13;Acanthurus_spp;0;1;0;0;1;Trap
NJ0220M13;Serranidae;0;1;0;0;1;Trap
NJ0220M13;Mullidae;0;0;1;1;1;Trap
NJ0220M13;Balistidae;1;0;0;0;1;none
NJ0220M13;Mugilidae;1;0;0;0;1;none
NJ0220M13;Belonidae;1;0;0;0;1;Floatnet?
NJ0220M13;Chirocentridae;1;0;0;0;1;Floatnet?
NJ0220M13;Sphyraenidae;1;0;0;0;1;Floatnet?
NJ0220M13;Caesionidae;1;0;0;0;1;none
NJ0220M13;Sardinella_spp;1;0;0;0;1;none
NJ0220M13;Anguilliformes;0;1;0;0;1;Trap
NJ0220M13;Rhinobatidae;;;;;0;
NJ0220M13;Octopus;0;1;0;0;1;Trap
NJ0220M13;Squids;;;;;0;
NJ0220M13;Crabs_Lobsters;0;1;0;0;1;Trap
NJ0220M13;Snails;;;;;0;
NJ0220M14;Siganus_sutor;0;0;1;1;1;Trap
NJ0220M14;Siganus_stellatus;0;0;1;1;1;
NJ0220M14;Lethrinus_lentjan;0;0;1;1;1;Trap
NJ0220M14;Lethrinus_borbonicus;1;0;0;0;1;none
NJ0220M14;Lethrinus_harak;0;0;1;1;1;Trap
NJ0220M14;Lethrinus_variegatus;;;;;0;
NJ0220M14;Lethrinus_mahsena;0;0;1;0;1;Trap
NJ0220M14;Monodactylus_argentus;;;;;0;
NJ0220M14;Lutjanus_fulviflamma;0;1;0;0;1;Trap
NJ0220M14;Scarus_ghobban;0;0;1;1;1;Trap
NJ0220M14;Hipposcarus_harid;0;0;1;1;1;Trap
NJ0220M14;Calatomus_carolinus;0;1;0;0;1;
NJ0220M14;Leptoscarus_vaigiensis;0;1;0;0;1;
NJ0220M14;Plectorhinchus_gibbus;0;1;0;0;1;Trap
NJ0220M14;Acanthurus_spp;0;1;0;0;1;Trap
NJ0220M14;Serranidae;0;1;0;0;1;Trap
NJ0220M14;Mullidae;0;0;1;1;1;Trap
NJ0220M14;Balistidae;0;1;0;0;1;Trap
NJ0220M14;Mugilidae;1;0;0;0;1;none
NJ0220M14;Belonidae;1;0;0;0;1;none
NJ0220M14;Chirocentridae;1;0;0;0;1;none
NJ0220M14;Sphyraenidae;1;0;0;0;1;none
NJ0220M14;Caesionidae;1;0;0;0;1;none
NJ0220M14;Sardinella_spp;1;0;0;0;1;none
NJ0220M14;Anguilliformes;0;1;0;0;1;Trap
NJ0220M14;Rhinobatidae;1;0;0;0;1;none
NJ0220M14;Octopus;0;1;0;0;1;Trap
NJ0220M14;Squids;1;0;0;0;1;none
NJ0220M14;Crabs_Lobsters;1;0;0;0;1;none
NJ0220M14;Snails;1;0;0;0;1;none
NJ0220M15;Siganus_sutor;;;;;0;
NJ0220M15;Siganus_stellatus;;;;;0;
NJ0220M15;Lethrinus_lentjan;;;;;0;
NJ0220M15;Lethrinus_borbonicus;;;;;0;
NJ0220M15;Lethrinus_harak;;;;;0;
NJ0220M15;Lethrinus_variegatus;;;;;0;
NJ0220M15;Lethrinus_mahsena;;;;;0;
NJ0220M15;Monodactylus_argentus;;;;;0;
NJ0220M15;Lutjanus_fulviflamma;;;;;0;
NJ0220M15;Scarus_ghobban;;;;;0;
NJ0220M15;Hipposcarus_harid;;;;;0;
NJ0220M15;Calatomus_carolinus;;;;;0;
NJ0220M15;Leptoscarus_vaigiensis;;;;;0;
NJ0220M15;Plectorhinchus_gibbus;;;;;0;
NJ0220M15;Acanthurus_spp;;;;;0;
NJ0220M15;Serranidae;;;;;0;
NJ0220M15;Mullidae;;;;;0;
NJ0220M15;Balistidae;;;;;0;
NJ0220M15;Mugilidae;;;;;0;
NJ0220M15;Belonidae;;;;;0;
NJ0220M15;Chirocentridae;;;;;0;
NJ0220M15;Sphyraenidae;;;;;0;
NJ0220M15;Caesionidae;;;;;0;
NJ0220M15;Sardinella_spp;;;;;0;
NJ0220M15;Anguilliformes;;;;;0;
NJ0220M15;Rhinobatidae;;;;;0;
NJ0220M15;Octopus;;;;;0;
NJ0220M15;Squids;;;;;0;
NJ0220M15;Crabs_Lobsters;;;;;0;
NJ0220M15;Snails;0;0;1;1;1;
NJ0221P16;Siganus_sutor;0;0;1;1;1;H
NJ0221P16;Siganus_stellatus;0;0;1;1;1;
NJ0221P16;Lethrinus_lentjan;0;0;1;1;1;H
NJ0221P16;Lethrinus_borbonicus;0;0;1;1;1;H
NJ0221P16;Lethrinus_harak;0;0;1;1;1;H
NJ0221P16;Lethrinus_variegatus;0;1;0;0;1;H
NJ0221P16;Lethrinus_mahsena;0;1;0;0;1;H
NJ0221P16;Monodactylus_argentus;1;0;0;0;1;none
NJ0221P16;Lutjanus_fulviflamma;;;;;0;H
NJ0221P16;Scarus_ghobban;0;1;0;0;1;H
NJ0221P16;Hipposcarus_harid;0;0;1;1;1;H
NJ0221P16;Calatomus_carolinus;0;1;0;0;1;H
NJ0221P16;Leptoscarus_vaigiensis;0;0;1;0;1;H
NJ0221P16;Plectorhinchus_gibbus;0;1;0;0;1;H
NJ0221P16;Acanthurus_spp;0;1;0;0;1;H
NJ0221P16;Serranidae;0;0;1;1;1;H
NJ0221P16;Mullidae;0;0;1;1;1;H
NJ0221P16;Balistidae;0;0;1;1;1;H
NJ0221P16;Mugilidae;1;0;0;0;1;none
NJ0221P16;Belonidae;1;1;;;2;
NJ0221P16;Chirocentridae;1;1;;;2;
NJ0221P16;Sphyraenidae;1;1;;;2;
NJ0221P16;Caesionidae;1;0;0;0;1;none
NJ0221P16;Sardinella_spp;1;0;0;0;1;none
NJ0221P16;Anguilliformes;0;0;1;1;1;
NJ0221P16;Rhinobatidae;0;1;0;0;1;none
NJ0221P16;Octopus;0;1;0;0;1;H
NJ0221P16;Squids;0;0;1;0;1;H
NJ0221P16;Crabs_Lobsters;1;0;0;0;1;none
NJ0221P16;Snails;1;0;0;0;1;none
NJ0221P17;Siganus_sutor;0;0;1;1;1;
NJ0221P17;Siganus_stellatus;0;0;1;1;1;
NJ0221P17;Lethrinus_lentjan;0;0;1;0;1;
NJ0221P17;Lethrinus_borbonicus;1;0;0;0;1;
NJ0221P17;Lethrinus_harak;0;0;1;0;1;
NJ0221P17;Lethrinus_variegatus;1;0;0;0;1;
NJ0221P17;Lethrinus_mahsena;;;;;0;
NJ0221P17;Monodactylus_argentus;1;0;0;0;1;
NJ0221P17;Lutjanus_fulviflamma;0;1;0;0;1;
NJ0221P17;Scarus_ghobban;0;0;1;0;1;
NJ0221P17;Hipposcarus_harid;0;0;1;0;1;
NJ0221P17;Calatomus_carolinus;1;0;0;0;1;
NJ0221P17;Leptoscarus_vaigiensis;1;0;0;0;1;
NJ0221P17;Plectorhinchus_gibbus;0;1;0;0;1;
NJ0221P17;Acanthurus_spp;0;1;0;0;1;
NJ0221P17;Serranidae;0;1;0;0;1;
NJ0221P17;Mullidae;0;0;1;0;1;
NJ0221P17;Balistidae;0;1;0;0;1;
NJ0221P17;Mugilidae;;;;;0;
NJ0221P17;Belonidae;1;0;0;0;1;
NJ0221P17;Chirocentridae;1;0;0;0;1;
NJ0221P17;Sphyraenidae;1;0;0;0;1;
NJ0221P17;Caesionidae;;;;;0;
NJ0221P17;Sardinella_spp;;;;;0;
NJ0221P17;Anguilliformes;0;1;0;0;1;
NJ0221P17;Rhinobatidae;;;;;0;
NJ0221P17;Octopus;0;1;0;0;1;
NJ0221P17;Squids;1;0;0;0;1;
NJ0221P17;Crabs_Lobsters;1;0;0;0;1;
NJ0221P17;Snails;1;0;0;0;1;
NJ0221P18;Siganus_sutor;0;1;0;0;1;
NJ0221P18;Siganus_stellatus;0;1;0;0;1;
NJ0221P18;Lethrinus_lentjan;;1;1;;2;
NJ0221P18;Lethrinus_borbonicus;0;0;1;0;1;
NJ0221P18;Lethrinus_harak;0;0;1;0;1;
NJ0221P18;Lethrinus_variegatus;;;;;0;
NJ0221P18;Lethrinus_mahsena;0;1;0;0;1;
NJ0221P18;Monodactylus_argentus;;;;;0;
NJ0221P18;Lutjanus_fulviflamma;0;0;1;0;1;
NJ0221P18;Scarus_ghobban;;;;;0;
NJ0221P18;Hipposcarus_harid;;;;;0;
NJ0221P18;Calatomus_carolinus;;;;;0;
NJ0221P18;Leptoscarus_vaigiensis;;;;;0;
NJ0221P18;Plectorhinchus_gibbus;;;;;0;
NJ0221P18;Acanthurus_spp;;;;;0;
NJ0221P18;Serranidae;0;1;0;0;1;
NJ0221P18;Mullidae;;;;;0;
NJ0221P18;Balistidae;0;1;0;0;1;
NJ0221P18;Mugilidae;1;0;0;0;1;none
NJ0221P18;Belonidae;1;0;0;0;1;none
NJ0221P18;Chirocentridae;1;0;0;0;1;none
NJ0221P18;Sphyraenidae;1;0;0;0;1;none
NJ0221P18;Caesionidae;1;0;0;0;1;none
NJ0221P18;Sardinella_spp;1;0;0;0;1;none
NJ0221P18;Anguilliformes;1;0;0;0;1;none
NJ0221P18;Rhinobatidae;1;0;0;0;1;none
NJ0221P18;Octopus;1;0;0;0;1;none
NJ0221P18;Squids;1;0;0;0;1;none
NJ0221P18;Crabs_Lobsters;;;;;0;
NJ0221P18;Snails;;;;;0;
NJ0221P19;Siganus_sutor;;;;;0;
NJ0221P19;Siganus_stellatus;;;;;0;
NJ0221P19;Lethrinus_lentjan;1;0;0;0;1;none
NJ0221P19;Lethrinus_borbonicus;1;0;0;0;1;none
NJ0221P19;Lethrinus_harak;1;0;0;0;1;none
NJ0221P19;Lethrinus_variegatus;1;0;0;0;1;none
NJ0221P19;Lethrinus_mahsena;1;0;0;0;1;none
NJ0221P19;Monodactylus_argentus;1;0;0;0;1;none
NJ0221P19;Lutjanus_fulviflamma;1;0;0;0;1;none
NJ0221P19;Scarus_ghobban;1;0;0;0;1;none
NJ0221P19;Hipposcarus_harid;1;0;0;0;1;none
NJ0221P19;Calatomus_carolinus;1;0;0;0;1;none
NJ0221P19;Leptoscarus_vaigiensis;;;;;0;
NJ0221P19;Plectorhinchus_gibbus;;;;;0;
NJ0221P19;Acanthurus_spp;;;;;0;
NJ0221P19;Serranidae;;;;;0;
NJ0221P19;Mullidae;;;;;0;
NJ0221P19;Balistidae;;;;;0;
NJ0221P19;Mugilidae;;;;;0;
NJ0221P19;Belonidae;;;;;0;
NJ0221P19;Chirocentridae;;;;;0;
NJ0221P19;Sphyraenidae;;;;;0;
NJ0221P19;Caesionidae;;;;;0;
NJ0221P19;Sardinella_spp;;;;;0;
NJ0221P19;Anguilliformes;;;;;0;
NJ0221P19;Rhinobatidae;;;;;0;
NJ0221P19;Octopus;0;0;1;1;1;Spear
NJ0221P19;Squids;0;0;1;1;1;Spear
NJ0221P19;Crabs_Lobsters;;;;;0;
NJ0221P19;Snails;;;;;0;
NJ0221P20;Siganus_sutor;0;1;0;0;1;Fence
NJ0221P20;Siganus_stellatus;;;;;0;Fence
NJ0221P20;Lethrinus_lentjan;;;;;0;Fence
NJ0221P20;Lethrinus_borbonicus;1;0;0;0;1;Fence
NJ0221P20;Lethrinus_harak;;;;;0;Fence
NJ0221P20;Lethrinus_variegatus;1;0;0;0;1;Fence
NJ0221P20;Lethrinus_mahsena;0;0;1;0;1;Fence
NJ0221P20;Monodactylus_argentus;1;0;0;0;1;none
NJ0221P20;Lutjanus_fulviflamma;1;0;0;0;1;none
NJ0221P20;Scarus_ghobban;0;0;1;0;1;
NJ0221P20;Hipposcarus_harid;1;0;0;0;1;none
NJ0221P20;Calatomus_carolinus;1;0;0;0;1;none
NJ0221P20;Leptoscarus_vaigiensis;1;0;0;0;1;none
NJ0221P20;Plectorhinchus_gibbus;1;0;0;0;1;none
NJ0221P20;Acanthurus_spp;1;0;0;0;1;none
NJ0221P20;Serranidae;1;0;0;0;1;none
NJ0221P20;Mullidae;;;;;0;Fence
NJ0221P20;Balistidae;1;0;0;0;1;none
NJ0221P20;Mugilidae;1;0;0;0;1;none
NJ0221P20;Belonidae;;;;;0;
NJ0221P20;Chirocentridae;0;1;0;0;1;Fence
NJ0221P20;Sphyraenidae;;;;;0;Fence
NJ0221P20;Caesionidae;1;0;0;0;1;none
NJ0221P20;Sardinella_spp;1;0;0;0;1;none
NJ0221P20;Anguilliformes;1;0;0;0;1;none
NJ0221P20;Rhinobatidae;1;0;0;0;1;none
NJ0221P20;Octopus;1;0;0;0;1;none
NJ0221P20;Squids;0;1;0;0;1;Fence
NJ0221P20;Crabs_Lobsters;1;0;0;0;1;none
NJ0221P20;Snails;1;0;0;0;1;none
